0,1,1
1,1,1
2,1,1
3,1,1
4,1,1
5,1,1
6,1,1
7,1,1
8,1,1
9,1,1
10,1,1
11,1,1
12,1,1
13,1,1
14,1,1
15,1,1
16,1,1
17,1,1
18,1,1
19,1,1
20,1,1
21,1,1
22,1,1
23,1,1
24,1,1
25,1,1
26,1,1
27,1,1
28,1,1
29,1,1
30,1,1
31,1,1
32,1,1
33,1,1
34,1,1
35,1,1
36,1,1
37,1,1
38,1,1
39,1,1
40,1,1
41,1,1
42,1,1
43,1,1
44,1,1
45,1,1
46,1,1
47,1,1
48,1,1
49,1,1
50,1,1
51,1,1
52,1,1
53,1,1
54,1,1
55,1,1
56,1,1
57,1,1
58,1,1
59,1,1
60,1,1
61,1,1
62,1,1
63,1,1
64,1,1
65,1,1
66,1,1
67,1,1
68,1,1
69,1,1
70,1,1
71,1,1
72,1,1
73,1,1
74,1,1
75,1,1
76,1,1
77,1,1
78,1,1
79,1,1
80,1,1
81,1,1
82,1,1
83,1,1
84,1,1
85,1,1
86,1,1
87,1,1
88,1,1
89,1,1
90,1,1
91,1,1
92,1,1
93,1,1
94,1,1
95,1,1
96,1,1
97,1,1
98,1,1
99,1,1
0,1,18
1,1,18
2,1,18
3,1,18
4,1,18
5,1,18
6,1,18
7,1,18
8,1,18
9,1,18
10,1,18
11,1,18
12,1,18
13,1,18
14,1,18
15,1,18
16,1,18
17,1,18
18,1,18
19,1,18
20,1,18
21,1,18
22,1,18
23,1,18
24,1,18
25,1,18
26,1,18
27,1,18
28,1,18
29,1,18
30,1,18
31,1,18
32,1,18
33,1,18
34,1,18
35,1,18
36,1,18
37,1,18
38,1,18
39,1,18
40,1,18
41,1,18
42,1,18
43,1,18
44,1,18
45,1,18
46,1,18
47,1,18
48,1,18
49,2,18
50,1,18
51,1,18
52,1,18
53,1,18
54,2,18
55,1,18
56,1,18
57,1,18
58,1,18
59,1,18
60,1,18
61,1,18
62,1,18
63,1,18
64,1,18
65,1,18
66,1,18
67,1,18
68,1,18
69,1,18
70,1,18
71,1,18
72,1,18
73,1,18
74,1,18
75,1,18
76,1,18
77,1,18
78,1,18
79,1,18
80,1,18
81,1,18
82,1,18
83,1,18
84,1,18
85,1,18
86,1,18
87,1,18
88,1,18
89,1,18
90,1,18
91,1,18
92,1,18
93,1,18
94,1,18
95,1,18
96,1,18
97,1,18
98,1,18
99,1,18
0,1,2
1,1,2
2,1,2
3,1,2
4,1,2
5,1,2
6,1,2
7,1,2
8,1,2
9,1,2
10,1,2
11,1,2
12,1,2
13,1,2
14,1,2
15,1,2
16,1,2
17,1,2
18,1,2
19,1,2
20,1,2
21,1,2
22,1,2
23,1,2
24,1,2
25,1,2
26,1,2
27,1,2
28,1,2
29,1,2
30,1,2
31,1,2
32,1,2
33,1,2
34,1,2
35,1,2
36,1,2
37,1,2
38,1,2
39,1,2
40,1,2
41,1,2
42,1,2
43,1,2
44,1,2
45,1,2
46,1,2
47,1,2
48,1,2
49,1,2
50,1,2
51,1,2
52,1,2
53,1,2
54,1,2
55,1,2
56,1,2
57,1,2
58,1,2
59,1,2
60,1,2
61,1,2
62,1,2
63,1,2
64,1,2
65,1,2
66,1,2
67,1,2
68,1,2
69,1,2
70,1,2
71,1,2
72,1,2
73,1,2
74,1,2
75,1,2
76,1,2
77,1,2
78,1,2
79,1,2
80,1,2
81,1,2
82,1,2
83,1,2
84,1,2
85,1,2
86,1,2
87,1,2
88,1,2
89,1,2
90,1,2
91,1,2
92,1,2
93,1,2
94,1,2
95,1,2
96,1,2
97,1,2
98,1,2
99,1,2
0,1,3
1,1,3
2,1,3
3,1,3
4,1,3
5,1,3
6,1,3
7,1,3
8,1,3
9,1,3
10,1,3
11,1,3
12,1,3
13,1,3
14,1,3
15,1,3
16,1,3
17,1,3
18,1,3
19,1,3
20,1,3
21,1,3
22,1,3
23,1,3
24,1,3
25,1,3
26,1,3
27,1,3
28,1,3
29,1,3
30,1,3
31,1,3
32,1,3
33,1,3
34,1,3
35,1,3
36,1,3
37,1,3
38,1,3
39,1,3
40,1,3
41,1,3
42,1,3
43,1,3
44,1,3
45,1,3
46,1,3
47,1,3
48,1,3
49,1,3
50,1,3
51,1,3
52,1,3
53,1,3
54,1,3
55,1,3
56,1,3
57,1,3
58,1,3
59,1,3
60,1,3
61,1,3
62,1,3
63,1,3
64,1,3
65,1,3
66,1,3
67,1,3
68,1,3
69,1,3
70,1,3
71,1,3
72,1,3
73,1,3
74,1,3
75,1,3
76,1,3
77,1,3
78,1,3
79,1,3
80,1,3
81,1,3
82,1,3
83,1,3
84,1,3
85,1,3
86,1,3
87,1,3
88,1,3
89,1,3
90,1,3
91,1,3
92,1,3
93,1,3
94,1,3
95,1,3
96,1,3
97,1,3
98,1,3
99,1,3
0,1,19
1,1,19
2,1,19
3,1,19
4,1,19
5,1,19
6,1,19
7,1,19
8,1,19
9,1,19
10,1,19
11,1,19
12,1,19
13,1,19
14,1,19
15,1,19
16,1,19
17,1,19
18,1,19
19,1,19
20,1,19
21,1,19
22,1,19
23,1,19
24,1,19
25,1,19
26,2,19
27,1,19
28,1,19
29,1,19
30,1,19
31,1,19
32,1,19
33,1,19
34,1,19
35,1,19
36,1,19
37,1,19
38,1,19
39,1,19
40,1,19
41,1,19
42,1,19
43,1,19
44,1,19
45,1,19
46,1,19
47,1,19
48,1,19
49,1,19
50,1,19
51,1,19
52,1,19
53,1,19
54,1,19
55,1,19
56,1,19
57,1,19
58,1,19
59,1,19
60,1,19
61,1,19
62,1,19
63,1,19
64,1,19
65,1,19
66,1,19
67,1,19
68,1,19
69,1,19
70,1,19
71,1,19
72,1,19
73,1,19
74,1,19
75,1,19
76,1,19
77,1,19
78,1,19
79,1,19
80,1,19
81,1,19
82,1,19
83,1,19
84,1,19
85,1,19
86,1,19
87,1,19
88,1,19
89,1,19
90,1,19
91,1,19
92,1,19
93,1,19
94,1,19
95,1,19
96,1,19
97,1,19
98,1,19
99,1,19
0,1,4
1,1,4
2,1,4
3,1,4
4,1,4
5,1,4
6,1,4
7,1,4
8,1,4
9,1,4
10,1,4
11,1,4
12,1,4
13,1,4
14,1,4
15,1,4
16,1,4
17,1,4
18,1,4
19,1,4
20,1,4
21,1,4
22,1,4
23,1,4
24,1,4
25,1,4
26,1,4
27,1,4
28,1,4
29,1,4
30,1,4
31,1,4
32,1,4
33,1,4
34,1,4
35,1,4
36,1,4
37,1,4
38,1,4
39,1,4
40,1,4
41,1,4
42,1,4
43,1,4
44,1,4
45,1,4
46,1,4
47,1,4
48,1,4
49,1,4
50,1,4
51,1,4
52,1,4
53,1,4
54,1,4
55,1,4
56,1,4
57,1,4
58,1,4
59,1,4
60,1,4
61,1,4
62,1,4
63,1,4
64,1,4
65,1,4
66,1,4
67,1,4
68,1,4
69,1,4
70,1,4
71,1,4
72,1,4
73,1,4
74,1,4
75,1,4
76,1,4
77,1,4
78,1,4
79,1,4
80,1,4
81,1,4
82,1,4
83,1,4
84,1,4
85,1,4
86,1,4
87,1,4
88,1,4
89,1,4
90,1,4
91,1,4
92,1,4
93,1,4
94,1,4
95,1,4
96,1,4
97,1,4
98,1,4
99,1,4
0,1,20
1,1,20
2,1,20
3,1,20
4,1,20
5,1,20
6,1,20
7,1,20
8,1,20
9,1,20
10,1,20
11,1,20
12,1,20
13,1,20
14,1,20
15,1,20
16,2,20
17,1,20
18,1,20
19,1,20
20,1,20
21,1,20
22,1,20
23,1,20
24,1,20
25,1,20
26,1,20
27,1,20
28,1,20
29,1,20
30,1,20
31,1,20
32,1,20
33,1,20
34,1,20
35,1,20
36,1,20
37,1,20
38,1,20
39,1,20
40,1,20
41,1,20
42,1,20
43,1,20
44,1,20
45,1,20
46,1,20
47,1,20
48,1,20
49,1,20
50,1,20
51,1,20
52,1,20
53,1,20
54,1,20
55,1,20
56,1,20
57,1,20
58,2,20
59,1,20
60,1,20
61,1,20
62,1,20
63,1,20
64,2,20
65,1,20
66,1,20
67,1,20
68,1,20
69,1,20
70,1,20
71,1,20
72,1,20
73,1,20
74,1,20
75,1,20
76,1,20
77,1,20
78,1,20
79,1,20
80,1,20
81,1,20
82,1,20
83,1,20
84,1,20
85,1,20
86,2,20
87,1,20
88,2,20
89,1,20
90,1,20
91,1,20
92,1,20
93,1,20
94,1,20
95,1,20
96,1,20
97,2,20
98,1,20
99,1,20
0,1,5
1,1,5
2,1,5
3,1,5
4,1,5
5,1,5
6,1,5
7,1,5
8,1,5
9,1,5
10,1,5
11,1,5
12,1,5
13,1,5
14,1,5
15,1,5
16,1,5
17,1,5
18,1,5
19,1,5
20,1,5
21,1,5
22,1,5
23,1,5
24,1,5
25,1,5
26,1,5
27,1,5
28,1,5
29,1,5
30,1,5
31,1,5
32,1,5
33,1,5
34,1,5
35,1,5
36,1,5
37,1,5
38,1,5
39,1,5
40,1,5
41,1,5
42,1,5
43,1,5
44,1,5
45,1,5
46,1,5
47,1,5
48,1,5
49,1,5
50,1,5
51,1,5
52,1,5
53,1,5
54,1,5
55,1,5
56,1,5
57,1,5
58,1,5
59,1,5
60,1,5
61,1,5
62,1,5
63,1,5
64,1,5
65,1,5
66,1,5
67,1,5
68,1,5
69,1,5
70,1,5
71,1,5
72,1,5
73,1,5
74,1,5
75,1,5
76,1,5
77,1,5
78,1,5
79,1,5
80,1,5
81,1,5
82,1,5
83,1,5
84,1,5
85,1,5
86,1,5
87,1,5
88,1,5
89,1,5
90,1,5
91,1,5
92,1,5
93,1,5
94,1,5
95,1,5
96,1,5
97,1,5
98,1,5
99,1,5
0,1,6
1,1,6
2,1,6
3,1,6
4,1,6
5,1,6
6,1,6
7,1,6
8,1,6
9,1,6
10,1,6
11,1,6
12,1,6
13,1,6
14,1,6
15,1,6
16,1,6
17,1,6
18,1,6
19,1,6
20,1,6
21,1,6
22,1,6
23,1,6
24,1,6
25,1,6
26,1,6
27,1,6
28,1,6
29,1,6
30,1,6
31,1,6
32,1,6
33,1,6
34,1,6
35,1,6
36,1,6
37,1,6
38,1,6
39,1,6
40,1,6
41,1,6
42,1,6
43,1,6
44,1,6
45,1,6
46,1,6
47,1,6
48,1,6
49,1,6
50,1,6
51,1,6
52,1,6
53,1,6
54,1,6
55,1,6
56,1,6
57,1,6
58,1,6
59,1,6
60,1,6
61,1,6
62,1,6
63,1,6
64,1,6
65,1,6
66,1,6
67,1,6
68,1,6
69,1,6
70,1,6
71,1,6
72,1,6
73,1,6
74,1,6
75,1,6
76,1,6
77,1,6
78,1,6
79,1,6
80,1,6
81,1,6
82,1,6
83,1,6
84,1,6
85,1,6
86,1,6
87,1,6
88,1,6
89,1,6
90,1,6
91,1,6
92,1,6
93,1,6
94,1,6
95,1,6
96,1,6
97,1,6
98,1,6
99,1,6
0,1,7
1,1,7
2,1,7
3,1,7
4,1,7
5,1,7
6,1,7
7,1,7
8,1,7
9,1,7
10,1,7
11,1,7
12,1,7
13,1,7
14,1,7
15,1,7
16,1,7
17,1,7
18,1,7
19,1,7
20,1,7
21,1,7
22,1,7
23,1,7
24,1,7
25,1,7
26,1,7
27,1,7
28,1,7
29,1,7
30,1,7
31,1,7
32,1,7
33,1,7
34,1,7
35,1,7
36,1,7
37,1,7
38,1,7
39,1,7
40,1,7
41,1,7
42,1,7
43,1,7
44,1,7
45,1,7
46,1,7
47,1,7
48,1,7
49,1,7
50,1,7
51,1,7
52,1,7
53,1,7
54,1,7
55,1,7
56,1,7
57,1,7
58,1,7
59,1,7
60,1,7
61,1,7
62,1,7
63,1,7
64,1,7
65,1,7
66,1,7
67,1,7
68,1,7
69,1,7
70,1,7
71,1,7
72,1,7
73,1,7
74,1,7
75,1,7
76,1,7
77,1,7
78,1,7
79,1,7
80,1,7
81,1,7
82,1,7
83,1,7
84,1,7
85,1,7
86,1,7
87,1,7
88,1,7
89,1,7
90,1,7
91,1,7
92,1,7
93,1,7
94,1,7
95,1,7
96,1,7
97,1,7
98,1,7
99,1,7
0,1,21
1,1,21
2,1,21
3,1,21
4,1,21
5,1,21
6,1,21
7,1,21
8,1,21
9,1,21
10,1,21
11,1,21
12,1,21
13,1,21
14,1,21
15,1,21
16,1,21
17,2,21
18,2,21
19,1,21
20,1,21
21,1,21
22,1,21
23,1,21
24,1,21
25,1,21
26,2,21
27,1,21
28,1,21
29,1,21
30,1,21
31,1,21
32,1,21
33,1,21
34,1,21
35,1,21
36,1,21
37,1,21
38,1,21
39,1,21
40,2,21
41,1,21
42,1,21
43,1,21
44,1,21
45,1,21
46,1,21
47,1,21
48,1,21
49,1,21
50,2,21
51,1,21
52,1,21
53,1,21
54,2,21
55,1,21
56,1,21
57,1,21
58,1,21
59,1,21
60,2,21
61,1,21
62,1,21
63,1,21
64,1,21
65,1,21
66,1,21
67,1,21
68,1,21
69,2,21
70,1,21
71,2,21
72,1,21
73,2,21
74,1,21
75,1,21
76,1,21
77,1,21
78,1,21
79,1,21
80,3,21
81,1,21
82,1,21
83,1,21
84,1,21
85,1,21
86,1,21
87,1,21
88,2,21
89,1,21
90,1,21
91,3,21
92,1,21
93,1,21
94,1,21
95,1,21
96,1,21
97,1,21
98,1,21
99,1,21
0,1,8
1,1,8
2,1,8
3,1,8
4,1,8
5,1,8
6,1,8
7,1,8
8,1,8
9,1,8
10,1,8
11,1,8
12,1,8
13,1,8
14,1,8
15,1,8
16,1,8
17,1,8
18,1,8
19,1,8
20,1,8
21,1,8
22,1,8
23,1,8
24,1,8
25,1,8
26,1,8
27,1,8
28,1,8
29,1,8
30,1,8
31,1,8
32,1,8
33,1,8
34,1,8
35,1,8
36,1,8
37,1,8
38,1,8
39,1,8
40,1,8
41,1,8
42,1,8
43,1,8
44,1,8
45,1,8
46,1,8
47,1,8
48,1,8
49,1,8
50,1,8
51,1,8
52,1,8
53,1,8
54,1,8
55,1,8
56,1,8
57,1,8
58,1,8
59,1,8
60,1,8
61,1,8
62,1,8
63,1,8
64,1,8
65,1,8
66,1,8
67,1,8
68,1,8
69,1,8
70,1,8
71,1,8
72,1,8
73,1,8
74,1,8
75,1,8
76,1,8
77,1,8
78,1,8
79,1,8
80,1,8
81,1,8
82,1,8
83,1,8
84,1,8
85,1,8
86,1,8
87,1,8
88,1,8
89,1,8
90,1,8
91,1,8
92,1,8
93,1,8
94,1,8
95,1,8
96,1,8
97,1,8
98,1,8
99,1,8
0,1,9
1,1,9
2,1,9
3,1,9
4,1,9
5,1,9
6,1,9
7,1,9
8,1,9
9,1,9
10,1,9
11,1,9
12,1,9
13,1,9
14,1,9
15,1,9
16,1,9
17,1,9
18,1,9
19,1,9
20,1,9
21,1,9
22,1,9
23,1,9
24,1,9
25,1,9
26,1,9
27,1,9
28,1,9
29,1,9
30,1,9
31,1,9
32,1,9
33,1,9
34,1,9
35,1,9
36,1,9
37,1,9
38,1,9
39,1,9
40,1,9
41,1,9
42,1,9
43,1,9
44,1,9
45,1,9
46,1,9
47,1,9
48,1,9
49,1,9
50,1,9
51,1,9
52,1,9
53,1,9
54,1,9
55,1,9
56,1,9
57,1,9
58,1,9
59,1,9
60,1,9
61,1,9
62,1,9
63,1,9
64,1,9
65,1,9
66,1,9
67,1,9
68,1,9
69,1,9
70,1,9
71,1,9
72,1,9
73,1,9
74,1,9
75,1,9
76,1,9
77,1,9
78,1,9
79,1,9
80,1,9
81,1,9
82,1,9
83,1,9
84,1,9
85,1,9
86,1,9
87,1,9
88,1,9
89,1,9
90,1,9
91,1,9
92,1,9
93,1,9
94,1,9
95,1,9
96,1,9
97,1,9
98,1,9
99,1,9
0,1,22
1,1,22
2,1,22
3,1,22
4,1,22
5,1,22
6,1,22
7,2,22
8,1,22
9,1,22
10,1,22
11,2,22
12,1,22
13,1,22
14,2,22
15,1,22
16,1,22
17,1,22
18,1,22
19,1,22
20,2,22
21,1,22
22,1,22
23,1,22
24,1,22
25,1,22
26,2,22
27,1,22
28,1,22
29,1,22
30,1,22
31,1,22
32,1,22
33,1,22
34,1,22
35,1,22
36,1,22
37,1,22
38,2,22
39,2,22
40,1,22
41,1,22
42,1,22
43,1,22
44,1,22
45,1,22
46,1,22
47,2,22
48,1,22
49,1,22
50,1,22
51,1,22
52,1,22
53,1,22
54,1,22
55,1,22
56,1,22
57,1,22
58,1,22
59,1,22
60,2,22
61,1,22
62,1,22
63,2,22
64,1,22
65,1,22
66,1,22
67,2,22
68,2,22
69,1,22
70,1,22
71,1,22
72,2,22
73,2,22
74,1,22
75,1,22
76,1,22
77,1,22
78,1,22
79,1,22
80,1,22
81,1,22
82,1,22
83,1,22
84,1,22
85,1,22
86,1,22
87,2,22
88,1,22
89,1,22
90,1,22
91,2,22
92,1,22
93,1,22
94,1,22
95,1,22
96,2,22
97,2,22
98,1,22
99,1,22
0,1,10
1,1,10
2,1,10
3,1,10
4,1,10
5,1,10
6,1,10
7,1,10
8,1,10
9,1,10
10,1,10
11,1,10
12,1,10
13,1,10
14,1,10
15,1,10
16,1,10
17,1,10
18,1,10
19,1,10
20,1,10
21,1,10
22,1,10
23,1,10
24,1,10
25,1,10
26,1,10
27,1,10
28,1,10
29,1,10
30,1,10
31,1,10
32,1,10
33,1,10
34,1,10
35,1,10
36,1,10
37,1,10
38,1,10
39,1,10
40,1,10
41,1,10
42,1,10
43,1,10
44,1,10
45,1,10
46,1,10
47,1,10
48,1,10
49,1,10
50,1,10
51,1,10
52,1,10
53,1,10
54,1,10
55,1,10
56,1,10
57,1,10
58,1,10
59,1,10
60,1,10
61,1,10
62,1,10
63,1,10
64,1,10
65,1,10
66,1,10
67,1,10
68,1,10
69,1,10
70,1,10
71,1,10
72,1,10
73,1,10
74,1,10
75,1,10
76,1,10
77,1,10
78,1,10
79,1,10
80,1,10
81,1,10
82,1,10
83,1,10
84,1,10
85,1,10
86,1,10
87,1,10
88,1,10
89,1,10
90,1,10
91,1,10
92,1,10
93,1,10
94,1,10
95,1,10
96,1,10
97,1,10
98,1,10
99,1,10
0,1,11
1,1,11
2,1,11
3,1,11
4,1,11
5,1,11
6,1,11
7,1,11
8,1,11
9,1,11
10,1,11
11,1,11
12,1,11
13,1,11
14,1,11
15,1,11
16,1,11
17,1,11
18,1,11
19,1,11
20,1,11
21,1,11
22,1,11
23,1,11
24,1,11
25,1,11
26,1,11
27,1,11
28,1,11
29,1,11
30,1,11
31,1,11
32,1,11
33,1,11
34,1,11
35,1,11
36,1,11
37,1,11
38,1,11
39,1,11
40,1,11
41,1,11
42,1,11
43,1,11
44,1,11
45,1,11
46,1,11
47,1,11
48,1,11
49,1,11
50,1,11
51,1,11
52,1,11
53,1,11
54,1,11
55,1,11
56,1,11
57,1,11
58,1,11
59,1,11
60,1,11
61,1,11
62,1,11
63,1,11
64,1,11
65,1,11
66,1,11
67,1,11
68,1,11
69,1,11
70,1,11
71,1,11
72,1,11
73,1,11
74,1,11
75,1,11
76,1,11
77,1,11
78,1,11
79,1,11
80,1,11
81,1,11
82,1,11
83,1,11
84,1,11
85,1,11
86,1,11
87,1,11
88,1,11
89,1,11
90,1,11
91,1,11
92,1,11
93,1,11
94,1,11
95,1,11
96,1,11
97,1,11
98,1,11
99,1,11
0,1,23
1,1,23
2,1,23
3,1,23
4,1,23
5,1,23
6,1,23
7,1,23
8,1,23
9,2,23
10,2,23
11,1,23
12,1,23
13,1,23
14,1,23
15,1,23
16,1,23
17,2,23
18,2,23
19,1,23
20,1,23
21,2,23
22,1,23
23,1,23
24,1,23
25,1,23
26,1,23
27,1,23
28,1,23
29,2,23
30,1,23
31,1,23
32,2,23
33,1,23
34,1,23
35,1,23
36,1,23
37,1,23
38,1,23
39,1,23
40,2,23
41,2,23
42,1,23
43,1,23
44,1,23
45,2,23
46,1,23
47,1,23
48,1,23
49,1,23
50,2,23
51,1,23
52,2,23
53,1,23
54,1,23
55,1,23
56,1,23
57,2,23
58,2,23
59,2,23
60,1,23
61,2,23
62,1,23
63,1,23
64,1,23
65,1,23
66,1,23
67,1,23
68,1,23
69,1,23
70,1,23
71,1,23
72,2,23
73,2,23
74,1,23
75,1,23
76,1,23
77,1,23
78,1,23
79,1,23
80,2,23
81,1,23
82,1,23
83,2,23
84,1,23
85,1,23
86,1,23
87,1,23
88,1,23
89,1,23
90,1,23
91,1,23
92,1,23
93,2,23
94,1,23
95,1,23
96,1,23
97,1,23
98,1,23
99,1,23
0,1,12
1,1,12
2,1,12
3,1,12
4,1,12
5,1,12
6,1,12
7,1,12
8,1,12
9,1,12
10,1,12
11,1,12
12,1,12
13,1,12
14,1,12
15,1,12
16,1,12
17,1,12
18,1,12
19,1,12
20,1,12
21,1,12
22,1,12
23,1,12
24,1,12
25,1,12
26,1,12
27,1,12
28,1,12
29,1,12
30,1,12
31,1,12
32,1,12
33,1,12
34,1,12
35,1,12
36,1,12
37,1,12
38,1,12
39,1,12
40,1,12
41,1,12
42,1,12
43,1,12
44,1,12
45,1,12
46,1,12
47,1,12
48,1,12
49,1,12
50,1,12
51,1,12
52,1,12
53,1,12
54,1,12
55,1,12
56,1,12
57,1,12
58,1,12
59,1,12
60,1,12
61,1,12
62,1,12
63,1,12
64,1,12
65,1,12
66,1,12
67,1,12
68,1,12
69,1,12
70,1,12
71,1,12
72,1,12
73,1,12
74,1,12
75,1,12
76,1,12
77,1,12
78,1,12
79,1,12
80,1,12
81,1,12
82,1,12
83,1,12
84,1,12
85,1,12
86,1,12
87,1,12
88,1,12
89,1,12
90,1,12
91,1,12
92,1,12
93,1,12
94,1,12
95,1,12
96,1,12
97,1,12
98,1,12
99,1,12
0,1,13
1,1,13
2,1,13
3,1,13
4,1,13
5,1,13
6,1,13
7,1,13
8,1,13
9,1,13
10,1,13
11,1,13
12,1,13
13,1,13
14,1,13
15,1,13
16,1,13
17,1,13
18,1,13
19,1,13
20,1,13
21,1,13
22,1,13
23,1,13
24,1,13
25,1,13
26,1,13
27,1,13
28,1,13
29,1,13
30,1,13
31,1,13
32,1,13
33,1,13
34,1,13
35,1,13
36,1,13
37,1,13
38,1,13
39,1,13
40,1,13
41,1,13
42,1,13
43,1,13
44,1,13
45,1,13
46,1,13
47,1,13
48,1,13
49,1,13
50,1,13
51,1,13
52,1,13
53,1,13
54,1,13
55,1,13
56,1,13
57,1,13
58,1,13
59,1,13
60,1,13
61,1,13
62,1,13
63,1,13
64,1,13
65,1,13
66,1,13
67,1,13
68,1,13
69,1,13
70,1,13
71,1,13
72,1,13
73,1,13
74,1,13
75,1,13
76,1,13
77,1,13
78,1,13
79,1,13
80,1,13
81,1,13
82,1,13
83,1,13
84,1,13
85,1,13
86,1,13
87,1,13
88,1,13
89,1,13
90,1,13
91,1,13
92,1,13
93,1,13
94,1,13
95,1,13
96,1,13
97,1,13
98,1,13
99,1,13
0,1,14
1,1,14
2,1,14
3,1,14
4,1,14
5,1,14
6,1,14
7,1,14
8,1,14
9,1,14
10,1,14
11,1,14
12,1,14
13,1,14
14,1,14
15,1,14
16,1,14
17,1,14
18,1,14
19,1,14
20,1,14
21,1,14
22,1,14
23,1,14
24,1,14
25,1,14
26,1,14
27,1,14
28,1,14
29,1,14
30,1,14
31,1,14
32,1,14
33,1,14
34,1,14
35,1,14
36,1,14
37,1,14
38,1,14
39,1,14
40,1,14
41,1,14
42,1,14
43,1,14
44,1,14
45,1,14
46,1,14
47,1,14
48,1,14
49,1,14
50,1,14
51,1,14
52,1,14
53,1,14
54,1,14
55,1,14
56,1,14
57,1,14
58,1,14
59,1,14
60,1,14
61,1,14
62,1,14
63,1,14
64,1,14
65,1,14
66,1,14
67,1,14
68,1,14
69,1,14
70,1,14
71,1,14
72,1,14
73,1,14
74,1,14
75,1,14
76,1,14
77,1,14
78,1,14
79,1,14
80,1,14
81,1,14
82,1,14
83,1,14
84,1,14
85,1,14
86,1,14
87,1,14
88,1,14
89,1,14
90,1,14
91,1,14
92,1,14
93,1,14
94,1,14
95,1,14
96,1,14
97,1,14
98,1,14
99,1,14
0,1,15
1,1,15
2,1,15
3,1,15
4,1,15
5,1,15
6,1,15
7,1,15
8,1,15
9,1,15
10,1,15
11,1,15
12,1,15
13,1,15
14,1,15
15,1,15
16,1,15
17,1,15
18,1,15
19,1,15
20,1,15
21,1,15
22,1,15
23,1,15
24,1,15
25,1,15
26,1,15
27,1,15
28,1,15
29,1,15
30,1,15
31,1,15
32,1,15
33,1,15
34,1,15
35,1,15
36,1,15
37,1,15
38,1,15
39,1,15
40,1,15
41,1,15
42,1,15
43,1,15
44,1,15
45,1,15
46,1,15
47,1,15
48,1,15
49,1,15
50,1,15
51,1,15
52,1,15
53,1,15
54,1,15
55,1,15
56,1,15
57,1,15
58,1,15
59,1,15
60,1,15
61,1,15
62,1,15
63,1,15
64,1,15
65,1,15
66,1,15
67,1,15
68,1,15
69,1,15
70,1,15
71,1,15
72,1,15
73,1,15
74,1,15
75,1,15
76,1,15
77,1,15
78,1,15
79,1,15
80,1,15
81,1,15
82,1,15
83,1,15
84,1,15
85,1,15
86,1,15
87,1,15
88,1,15
89,1,15
90,1,15
91,1,15
92,1,15
93,1,15
94,1,15
95,1,15
96,1,15
97,1,15
98,1,15
99,1,15
0,1,16
1,1,16
2,1,16
3,1,16
4,1,16
5,1,16
6,1,16
7,1,16
8,1,16
9,1,16
10,1,16
11,1,16
12,1,16
13,1,16
14,1,16
15,1,16
16,1,16
17,1,16
18,1,16
19,1,16
20,1,16
21,1,16
22,1,16
23,1,16
24,1,16
25,1,16
26,1,16
27,1,16
28,1,16
29,1,16
30,1,16
31,1,16
32,1,16
33,1,16
34,1,16
35,1,16
36,1,16
37,1,16
38,1,16
39,1,16
40,1,16
41,1,16
42,1,16
43,1,16
44,1,16
45,1,16
46,1,16
47,1,16
48,1,16
49,1,16
50,1,16
51,1,16
52,1,16
53,1,16
54,1,16
55,1,16
56,1,16
57,1,16
58,1,16
59,1,16
60,1,16
61,1,16
62,1,16
63,1,16
64,1,16
65,1,16
66,1,16
67,1,16
68,1,16
69,1,16
70,1,16
71,1,16
72,1,16
73,1,16
74,1,16
75,1,16
76,1,16
77,1,16
78,1,16
79,1,16
80,1,16
81,1,16
82,1,16
83,1,16
84,1,16
85,1,16
86,1,16
87,1,16
88,1,16
89,1,16
90,1,16
91,1,16
92,1,16
93,1,16
94,1,16
95,1,16
96,1,16
97,1,16
98,1,16
99,1,16
0,1,17
1,1,17
2,1,17
3,1,17
4,1,17
5,1,17
6,1,17
7,1,17
8,1,17
9,1,17
10,1,17
11,1,17
12,1,17
13,1,17
14,1,17
15,1,17
16,1,17
17,1,17
18,1,17
19,1,17
20,1,17
21,1,17
22,1,17
23,1,17
24,1,17
25,1,17
26,1,17
27,1,17
28,1,17
29,1,17
30,1,17
31,1,17
32,1,17
33,1,17
34,1,17
35,1,17
36,1,17
37,1,17
38,1,17
39,1,17
40,1,17
41,1,17
42,1,17
43,1,17
44,1,17
45,1,17
46,1,17
47,1,17
48,1,17
49,1,17
50,1,17
51,1,17
52,1,17
53,1,17
54,1,17
55,1,17
56,1,17
57,1,17
58,1,17
59,1,17
60,1,17
61,1,17
62,1,17
63,1,17
64,1,17
65,1,17
66,1,17
67,1,17
68,1,17
69,1,17
70,1,17
71,1,17
72,1,17
73,1,17
74,1,17
75,1,17
76,2,17
77,1,17
78,1,17
79,1,17
80,1,17
81,1,17
82,1,17
83,1,17
84,1,17
85,1,17
86,1,17
87,1,17
88,1,17
89,1,17
90,1,17
91,1,17
92,1,17
93,1,17
94,1,17
95,1,17
96,1,17
97,1,17
98,1,17
99,1,17
0,1,24
1,1,24
2,1,24
3,1,24
4,2,24
5,2,24
6,1,24
7,1,24
8,1,24
9,1,24
10,2,24
11,1,24
12,1,24
13,1,24
14,1,24
15,1,24
16,2,24
17,1,24
18,1,24
19,1,24
20,2,24
21,1,24
22,1,24
23,1,24
24,1,24
25,2,24
26,1,24
27,2,24
28,1,24
29,1,24
30,2,24
31,1,24
32,1,24
33,1,24
34,2,24
35,1,24
36,1,24
37,2,24
38,2,24
39,2,24
40,1,24
41,1,24
42,2,24
43,2,24
44,1,24
45,2,24
46,1,24
47,1,24
48,1,24
49,1,24
50,1,24
51,1,24
52,2,24
53,2,24
54,2,24
55,1,24
56,2,24
57,1,24
58,2,24
59,7,24
60,1,24
61,2,24
62,2,24
63,1,24
64,1,24
65,2,24
66,1,24
67,1,24
68,1,24
69,2,24
70,2,24
71,1,24
72,1,24
73,1,24
74,1,24
75,2,24
76,1,24
77,2,24
78,2,24
79,2,24
80,1,24
81,1,24
82,1,24
83,1,24
84,2,24
85,1,24
86,2,24
87,2,24
88,1,24
89,1,24
90,1,24
91,2,24
92,2,24
93,2,24
94,2,24
95,1,24
96,3,24
97,1,24
98,2,24
99,2,24
0,2,25
1,1,25
2,1,25
3,2,25
4,1,25
5,1,25
6,1,25
7,2,25
8,3,25
9,2,25
10,2,25
11,2,25
12,1,25
13,2,25
14,1,25
15,2,25
16,1,25
17,2,25
18,2,25
19,2,25
20,2,25
21,2,25
22,1,25
23,2,25
24,1,25
25,2,25
26,1,25
27,2,25
28,2,25
29,1,25
30,1,25
31,2,25
32,2,25
33,1,25
34,1,25
35,2,25
36,1,25
37,2,25
38,2,25
39,1,25
40,2,25
41,1,25
42,2,25
43,2,25
44,1,25
45,2,25
46,2,25
47,1,25
48,2,25
49,2,25
50,2,25
51,2,25
52,2,25
53,1,25
54,2,25
55,2,25
56,2,25
57,2,25
58,1,25
59,2,25
60,2,25
61,2,25
62,2,25
63,2,25
64,2,25
65,2,25
66,1,25
67,1,25
68,2,25
69,1,25
70,3,25
71,2,25
72,2,25
73,2,25
74,1,25
75,1,25
76,1,25
77,2,25
78,2,25
79,1,25
80,1,25
81,2,25
82,4,25
83,1,25
84,1,25
85,1,25
86,2,25
87,2,25
88,1,25
89,1,25
90,2,25
91,2,25
92,2,25
93,2,25
94,2,25
95,1,25
96,1,25
97,1,25
98,2,25
99,2,25
0,1,26
1,1,26
2,2,26
3,1,26
4,2,26
5,2,26
6,2,26
7,1,26
8,1,26
9,2,26
10,1,26
11,2,26
12,2,26
13,2,26
14,4,26
15,1,26
16,2,26
17,2,26
18,1,26
19,2,26
20,2,26
21,1,26
22,2,26
23,1,26
24,2,26
25,2,26
26,2,26
27,2,26
28,2,26
29,2,26
30,2,26
31,1,26
32,2,26
33,2,26
34,2,26
35,2,26
36,1,26
37,2,26
38,1,26
39,2,26
40,1,26
41,2,26
42,2,26
43,1,26
44,2,26
45,2,26
46,2,26
47,1,26
48,1,26
49,2,26
50,1,26
51,1,26
52,1,26
53,2,26
54,1,26
55,2,26
56,1,26
57,2,26
58,2,26
59,2,26
60,2,26
61,1,26
62,1,26
63,2,26
64,3,26
65,2,26
66,1,26
67,3,26
68,2,26
69,2,26
70,3,26
71,2,26
72,2,26
73,2,26
74,2,26
75,1,26
76,2,26
77,1,26
78,1,26
79,3,26
80,1,26
81,1,26
82,2,26
83,2,26
84,2,26
85,1,26
86,1,26
87,2,26
88,2,26
89,3,26
90,1,26
91,1,26
92,2,26
93,2,26
94,2,26
95,1,26
96,1,26
97,2,26
98,2,26
99,2,26
0,2,35
1,2,35
2,3,35
3,2,35
4,3,35
5,3,35
6,3,35
7,2,35
8,2,35
9,3,35
10,2,35
11,7,35
12,5,35
13,2,35
14,3,35
15,5,35
16,3,35
17,2,35
18,3,35
19,2,35
20,2,35
21,2,35
22,2,35
23,2,35
24,2,35
25,6,35
26,2,35
27,4,35
28,2,35
29,4,35
30,3,35
31,3,35
32,2,35
33,2,35
34,2,35
35,2,35
36,2,35
37,3,35
38,4,35
39,2,35
40,2,35
41,3,35
42,5,35
43,2,35
44,3,35
45,5,35
46,2,35
47,3,35
48,2,35
49,2,35
50,2,35
51,2,35
52,2,35
53,2,35
54,3,35
55,2,35
56,2,35
57,3,35
58,2,35
59,4,35
60,2,35
61,3,35
62,2,35
63,3,35
64,2,35
65,2,35
66,6,35
67,2,35
68,4,35
69,3,35
70,4,35
71,2,35
72,4,35
73,3,35
74,2,35
75,2,35
76,2,35
77,3,35
78,2,35
79,2,35
80,2,35
81,2,35
82,2,35
83,3,35
84,2,35
85,4,35
86,2,35
87,2,35
88,2,35
89,5,35
90,2,35
91,3,35
92,4,35
93,2,35
94,2,35
95,2,35
96,2,35
97,2,35
98,4,35
99,2,35
0,1,27
1,2,27
2,2,27
3,1,27
4,2,27
5,2,27
6,1,27
7,2,27
8,2,27
9,1,27
10,2,27
11,2,27
12,2,27
13,2,27
14,2,27
15,3,27
16,2,27
17,2,27
18,2,27
19,1,27
20,2,27
21,2,27
22,2,27
23,2,27
24,2,27
25,1,27
26,2,27
27,2,27
28,2,27
29,2,27
30,2,27
31,1,27
32,2,27
33,2,27
34,2,27
35,2,27
36,2,27
37,2,27
38,2,27
39,3,27
40,1,27
41,2,27
42,4,27
43,2,27
44,2,27
45,2,27
46,2,27
47,2,27
48,2,27
49,2,27
50,1,27
51,1,27
52,1,27
53,2,27
54,2,27
55,3,27
56,2,27
57,2,27
58,2,27
59,2,27
60,2,27
61,1,27
62,2,27
63,2,27
64,2,27
65,2,27
66,1,27
67,1,27
68,2,27
69,1,27
70,2,27
71,1,27
72,2,27
73,3,27
74,1,27
75,1,27
76,2,27
77,2,27
78,2,27
79,1,27
80,2,27
81,2,27
82,1,27
83,3,27
84,1,27
85,2,27
86,1,27
87,2,27
88,2,27
89,1,27
90,4,27
91,1,27
92,1,27
93,1,27
94,2,27
95,2,27
96,2,27
97,3,27
98,2,27
99,2,27
0,2,28
1,3,28
2,2,28
3,1,28
4,3,28
5,2,28
6,2,28
7,1,28
8,2,28
9,2,28
10,2,28
11,3,28
12,2,28
13,2,28
14,2,28
15,1,28
16,3,28
17,3,28
18,1,28
19,2,28
20,2,28
21,2,28
22,2,28
23,2,28
24,1,28
25,2,28
26,2,28
27,2,28
28,2,28
29,2,28
30,1,28
31,2,28
32,2,28
33,2,28
34,2,28
35,2,28
36,2,28
37,2,28
38,2,28
39,3,28
40,2,28
41,2,28
42,2,28
43,2,28
44,2,28
45,2,28
46,1,28
47,2,28
48,2,28
49,3,28
50,2,28
51,2,28
52,2,28
53,2,28
54,4,28
55,2,28
56,2,28
57,2,28
58,2,28
59,2,28
60,2,28
61,2,28
62,5,28
63,2,28
64,1,28
65,2,28
66,2,28
67,2,28
68,1,28
69,2,28
70,2,28
71,2,28
72,2,28
73,2,28
74,1,28
75,2,28
76,2,28
77,2,28
78,1,28
79,2,28
80,2,28
81,2,28
82,2,28
83,2,28
84,2,28
85,2,28
86,2,28
87,1,28
88,2,28
89,2,28
90,2,28
91,2,28
92,4,28
93,3,28
94,1,28
95,2,28
96,2,28
97,2,28
98,2,28
99,2,28
0,2,29
1,1,29
2,2,29
3,2,29
4,2,29
5,1,29
6,3,29
7,2,29
8,2,29
9,2,29
10,2,29
11,2,29
12,1,29
13,2,29
14,2,29
15,2,29
16,1,29
17,2,29
18,4,29
19,2,29
20,2,29
21,2,29
22,2,29
23,2,29
24,2,29
25,2,29
26,3,29
27,2,29
28,2,29
29,2,29
30,2,29
31,2,29
32,3,29
33,3,29
34,2,29
35,2,29
36,2,29
37,2,29
38,2,29
39,2,29
40,2,29
41,3,29
42,1,29
43,1,29
44,3,29
45,1,29
46,2,29
47,2,29
48,2,29
49,2,29
50,2,29
51,2,29
52,1,29
53,2,29
54,2,29
55,2,29
56,2,29
57,2,29
58,2,29
59,2,29
60,3,29
61,2,29
62,3,29
63,1,29
64,2,29
65,2,29
66,2,29
67,2,29
68,3,29
69,2,29
70,2,29
71,2,29
72,3,29
73,4,29
74,3,29
75,2,29
76,3,29
77,2,29
78,1,29
79,3,29
80,2,29
81,2,29
82,2,29
83,1,29
84,1,29
85,2,29
86,2,29
87,2,29
88,2,29
89,2,29
90,2,29
91,2,29
92,2,29
93,2,29
94,1,29
95,3,29
96,3,29
97,1,29
98,1,29
99,2,29
0,3,36
1,3,36
2,3,36
3,4,36
4,3,36
5,2,36
6,2,36
7,5,36
8,3,36
9,3,36
10,2,36
11,2,36
12,4,36
13,2,36
14,3,36
15,4,36
16,2,36
17,2,36
18,2,36
19,2,36
20,3,36
21,2,36
22,2,36
23,2,36
24,4,36
25,3,36
26,2,36
27,3,36
28,4,36
29,2,36
30,7,36
31,3,36
32,2,36
33,2,36
34,2,36
35,2,36
36,2,36
37,3,36
38,3,36
39,2,36
40,4,36
41,2,36
42,2,36
43,2,36
44,3,36
45,3,36
46,2,36
47,2,36
48,3,36
49,2,36
50,2,36
51,2,36
52,1,36
53,5,36
54,3,36
55,2,36
56,2,36
57,3,36
58,2,36
59,5,36
60,2,36
61,2,36
62,2,36
63,2,36
64,3,36
65,2,36
66,2,36
67,2,36
68,2,36
69,2,36
70,2,36
71,5,36
72,3,36
73,4,36
74,4,36
75,2,36
76,5,36
77,2,36
78,3,36
79,2,36
80,2,36
81,2,36
82,2,36
83,2,36
84,3,36
85,2,36
86,4,36
87,2,36
88,4,36
89,3,36
90,5,36
91,2,36
92,4,36
93,4,36
94,3,36
95,2,36
96,6,36
97,2,36
98,2,36
99,2,36
0,2,30
1,2,30
2,2,30
3,2,30
4,2,30
5,2,30
6,2,30
7,1,30
8,2,30
9,2,30
10,2,30
11,2,30
12,1,30
13,1,30
14,2,30
15,2,30
16,2,30
17,2,30
18,2,30
19,2,30
20,2,30
21,1,30
22,2,30
23,2,30
24,1,30
25,3,30
26,2,30
27,2,30
28,2,30
29,2,30
30,2,30
31,1,30
32,2,30
33,2,30
34,2,30
35,3,30
36,6,30
37,2,30
38,2,30
39,3,30
40,3,30
41,2,30
42,4,30
43,1,30
44,2,30
45,1,30
46,4,30
47,2,30
48,2,30
49,1,30
50,2,30
51,2,30
52,2,30
53,3,30
54,2,30
55,2,30
56,2,30
57,3,30
58,1,30
59,2,30
60,2,30
61,2,30
62,2,30
63,2,30
64,2,30
65,2,30
66,2,30
67,2,30
68,2,30
69,2,30
70,2,30
71,2,30
72,2,30
73,2,30
74,2,30
75,2,30
76,2,30
77,2,30
78,2,30
79,2,30
80,4,30
81,2,30
82,2,30
83,2,30
84,1,30
85,2,30
86,2,30
87,2,30
88,3,30
89,2,30
90,1,30
91,4,30
92,2,30
93,2,30
94,2,30
95,2,30
96,2,30
97,1,30
98,2,30
99,1,30
0,3,52
1,6,52
2,3,52
3,3,52
4,4,52
5,4,52
6,3,52
7,5,52
8,9,52
9,3,52
10,4,52
11,5,52
12,6,52
13,5,52
14,4,52
15,4,52
16,3,52
17,3,52
18,3,52
19,3,52
20,7,52
21,5,52
22,4,52
23,2,52
24,10,52
25,4,52
26,2,52
27,2,52
28,3,52
29,2,52
30,2,52
31,2,52
32,2,52
33,2,52
34,4,52
35,3,52
36,2,52
37,5,52
38,6,52
39,3,52
40,2,52
41,4,52
42,3,52
43,3,52
44,5,52
45,3,52
46,2,52
47,2,52
48,2,52
49,3,52
50,5,52
51,2,52
52,2,52
53,4,52
54,3,52
55,3,52
56,3,52
57,3,52
58,2,52
59,4,52
60,3,52
61,3,52
62,3,52
63,3,52
64,6,52
65,3,52
66,6,52
67,3,52
68,3,52
69,3,52
70,5,52
71,2,52
72,3,52
73,5,52
74,4,52
75,2,52
76,3,52
77,5,52
78,2,52
79,3,52
80,2,52
81,4,52
82,2,52
83,3,52
84,2,52
85,3,52
86,6,52
87,2,52
88,3,52
89,4,52
90,2,52
91,3,52
92,2,52
93,3,52
94,3,52
95,2,52
96,3,52
97,2,52
98,3,52
99,3,52
0,2,31
1,2,31
2,2,31
3,2,31
4,2,31
5,2,31
6,2,31
7,1,31
8,2,31
9,3,31
10,3,31
11,1,31
12,2,31
13,2,31
14,2,31
15,2,31
16,4,31
17,2,31
18,2,31
19,2,31
20,3,31
21,2,31
22,2,31
23,2,31
24,2,31
25,2,31
26,2,31
27,1,31
28,2,31
29,2,31
30,2,31
31,2,31
32,2,31
33,3,31
34,3,31
35,2,31
36,2,31
37,1,31
38,2,31
39,2,31
40,2,31
41,3,31
42,2,31
43,2,31
44,2,31
45,2,31
46,2,31
47,3,31
48,2,31
49,3,31
50,2,31
51,1,31
52,5,31
53,2,31
54,2,31
55,2,31
56,3,31
57,2,31
58,2,31
59,2,31
60,2,31
61,2,31
62,2,31
63,2,31
64,2,31
65,3,31
66,2,31
67,2,31
68,3,31
69,2,31
70,2,31
71,2,31
72,2,31
73,2,31
74,2,31
75,2,31
76,3,31
77,1,31
78,1,31
79,2,31
80,2,31
81,2,31
82,2,31
83,2,31
84,1,31
85,2,31
86,2,31
87,2,31
88,2,31
89,2,31
90,2,31
91,2,31
92,2,31
93,2,31
94,2,31
95,3,31
96,2,31
97,3,31
98,2,31
99,3,31
0,2,32
1,2,32
2,2,32
3,4,32
4,2,32
5,2,32
6,2,32
7,6,32
8,3,32
9,2,32
10,2,32
11,2,32
12,2,32
13,2,32
14,2,32
15,2,32
16,2,32
17,2,32
18,2,32
19,3,32
20,5,32
21,2,32
22,2,32
23,2,32
24,4,32
25,2,32
26,2,32
27,2,32
28,2,32
29,2,32
30,2,32
31,2,32
32,2,32
33,3,32
34,2,32
35,3,32
36,2,32
37,2,32
38,3,32
39,2,32
40,4,32
41,1,32
42,2,32
43,2,32
44,3,32
45,2,32
46,3,32
47,2,32
48,2,32
49,2,32
50,2,32
51,3,32
52,2,32
53,2,32
54,2,32
55,4,32
56,2,32
57,3,32
58,7,32
59,2,32
60,2,32
61,1,32
62,2,32
63,3,32
64,5,32
65,2,32
66,2,32
67,2,32
68,3,32
69,2,32
70,2,32
71,4,32
72,2,32
73,2,32
74,2,32
75,3,32
76,2,32
77,3,32
78,2,32
79,2,32
80,3,32
81,1,32
82,2,32
83,3,32
84,2,32
85,1,32
86,2,32
87,2,32
88,2,32
89,1,32
90,3,32
91,2,32
92,2,32
93,3,32
94,2,32
95,2,32
96,4,32
97,2,32
98,2,32
99,2,32
0,3,33
1,2,33
2,2,33
3,2,33
4,2,33
5,2,33
6,2,33
7,2,33
8,2,33
9,2,33
10,2,33
11,2,33
12,2,33
13,4,33
14,2,33
15,2,33
16,2,33
17,2,33
18,3,33
19,3,33
20,2,33
21,4,33
22,4,33
23,1,33
24,3,33
25,2,33
26,2,33
27,3,33
28,2,33
29,4,33
30,3,33
31,2,33
32,2,33
33,2,33
34,3,33
35,2,33
36,8,33
37,2,33
38,2,33
39,3,33
40,2,33
41,3,33
42,2,33
43,2,33
44,2,33
45,2,33
46,2,33
47,2,33
48,2,33
49,2,33
50,2,33
51,2,33
52,4,33
53,3,33
54,2,33
55,2,33
56,2,33
57,2,33
58,2,33
59,2,33
60,3,33
61,2,33
62,3,33
63,2,33
64,2,33
65,3,33
66,2,33
67,2,33
68,2,33
69,3,33
70,2,33
71,2,33
72,3,33
73,2,33
74,2,33
75,2,33
76,2,33
77,2,33
78,5,33
79,2,33
80,2,33
81,2,33
82,3,33
83,2,33
84,3,33
85,3,33
86,3,33
87,2,33
88,3,33
89,2,33
90,2,33
91,3,33
92,2,33
93,3,33
94,2,33
95,2,33
96,2,33
97,2,33
98,2,33
99,2,33
0,4,53
1,4,53
2,2,53
3,2,53
4,3,53
5,5,53
6,2,53
7,2,53
8,3,53
9,2,53
10,2,53
11,2,53
12,3,53
13,4,53
14,2,53
15,3,53
16,3,53
17,5,53
18,3,53
19,5,53
20,3,53
21,3,53
22,2,53
23,4,53
24,2,53
25,4,53
26,3,53
27,2,53
28,3,53
29,2,53
30,2,53
31,3,53
32,3,53
33,4,53
34,2,53
35,4,53
36,3,53
37,3,53
38,4,53
39,3,53
40,3,53
41,2,53
42,2,53
43,2,53
44,2,53
45,4,53
46,3,53
47,5,53
48,2,53
49,4,53
50,3,53
51,4,53
52,5,53
53,4,53
54,7,53
55,3,53
56,2,53
57,2,53
58,3,53
59,4,53
60,3,53
61,2,53
62,4,53
63,4,53
64,4,53
65,3,53
66,3,53
67,5,53
68,3,53
69,3,53
70,4,53
71,5,53
72,3,53
73,6,53
74,4,53
75,4,53
76,2,53
77,4,53
78,3,53
79,3,53
80,5,53
81,4,53
82,4,53
83,3,53
84,5,53
85,3,53
86,4,53
87,3,53
88,2,53
89,5,53
90,5,53
91,3,53
92,5,53
93,3,53
94,3,53
95,2,53
96,2,53
97,6,53
98,3,53
99,5,53
0,2,34
1,4,34
2,2,34
3,2,34
4,2,34
5,2,34
6,2,34
7,2,34
8,3,34
9,7,34
10,3,34
11,4,34
12,4,34
13,2,34
14,2,34
15,2,34
16,3,34
17,3,34
18,4,34
19,2,34
20,7,34
21,4,34
22,3,34
23,4,34
24,2,34
25,2,34
26,3,34
27,3,34
28,4,34
29,2,34
30,2,34
31,2,34
32,2,34
33,2,34
34,2,34
35,2,34
36,7,34
37,3,34
38,2,34
39,2,34
40,2,34
41,2,34
42,2,34
43,2,34
44,2,34
45,4,34
46,3,34
47,3,34
48,3,34
49,2,34
50,2,34
51,3,34
52,3,34
53,2,34
54,3,34
55,3,34
56,2,34
57,2,34
58,5,34
59,2,34
60,2,34
61,2,34
62,2,34
63,2,34
64,2,34
65,3,34
66,3,34
67,2,34
68,2,34
69,2,34
70,6,34
71,3,34
72,2,34
73,2,34
74,3,34
75,2,34
76,3,34
77,2,34
78,2,34
79,2,34
80,2,34
81,2,34
82,4,34
83,4,34
84,2,34
85,2,34
86,2,34
87,2,34
88,4,34
89,3,34
90,2,34
91,4,34
92,2,34
93,2,34
94,2,34
95,5,34
96,2,34
97,3,34
98,2,34
99,3,34
0,5,54
1,3,54
2,4,54
3,4,54
4,3,54
5,4,54
6,2,54
7,3,54
8,3,54
9,5,54
10,2,54
11,3,54
12,3,54
13,3,54
14,3,54
15,5,54
16,6,54
17,2,54
18,2,54
19,5,54
20,3,54
21,3,54
22,7,54
23,4,54
24,4,54
25,2,54
26,4,54
27,4,54
28,2,54
29,4,54
30,2,54
31,3,54
32,3,54
33,3,54
34,4,54
35,5,54
36,2,54
37,2,54
38,3,54
39,2,54
40,2,54
41,5,54
42,2,54
43,4,54
44,3,54
45,3,54
46,3,54
47,2,54
48,4,54
49,6,54
50,2,54
51,2,54
52,5,54
53,3,54
54,2,54
55,4,54
56,4,54
57,4,54
58,3,54
59,3,54
60,4,54
61,4,54
62,3,54
63,3,54
64,5,54
65,3,54
66,4,54
67,4,54
68,4,54
69,4,54
70,4,54
71,5,54
72,3,54
73,2,54
74,5,54
75,4,54
76,6,54
77,4,54
78,3,54
79,5,54
80,6,54
81,2,54
82,3,54
83,2,54
84,3,54
85,4,54
86,3,54
87,2,54
88,4,54
89,3,54
90,4,54
91,3,54
92,3,54
93,5,54
94,4,54
95,2,54
96,4,54
97,3,54
98,5,54
99,4,54
0,6,37
1,3,37
2,5,37
3,2,37
4,2,37
5,2,37
6,2,37
7,4,37
8,5,37
9,2,37
10,2,37
11,3,37
12,4,37
13,4,37
14,3,37
15,2,37
16,4,37
17,2,37
18,2,37
19,2,37
20,3,37
21,3,37
22,3,37
23,4,37
24,3,37
25,2,37
26,2,37
27,3,37
28,5,37
29,2,37
30,5,37
31,3,37
32,2,37
33,3,37
34,3,37
35,2,37
36,3,37
37,2,37
38,2,37
39,3,37
40,5,37
41,3,37
42,2,37
43,3,37
44,2,37
45,5,37
46,3,37
47,2,37
48,2,37
49,7,37
50,2,37
51,3,37
52,3,37
53,2,37
54,2,37
55,3,37
56,2,37
57,4,37
58,2,37
59,3,37
60,3,37
61,3,37
62,4,37
63,2,37
64,3,37
65,2,37
66,4,37
67,3,37
68,2,37
69,3,37
70,3,37
71,2,37
72,2,37
73,2,37
74,4,37
75,2,37
76,4,37
77,3,37
78,2,37
79,3,37
80,2,37
81,2,37
82,5,37
83,2,37
84,6,37
85,2,37
86,3,37
87,3,37
88,2,37
89,1,37
90,2,37
91,2,37
92,4,37
93,2,37
94,3,37
95,2,37
96,16,37
97,2,37
98,4,37
99,2,37
0,2,38
1,2,38
2,3,38
3,3,38
4,2,38
5,4,38
6,2,38
7,3,38
8,2,38
9,3,38
10,2,38
11,2,38
12,2,38
13,2,38
14,3,38
15,2,38
16,3,38
17,3,38
18,3,38
19,1,38
20,3,38
21,2,38
22,3,38
23,4,38
24,1,38
25,2,38
26,2,38
27,2,38
28,3,38
29,4,38
30,4,38
31,2,38
32,3,38
33,2,38
34,2,38
35,4,38
36,2,38
37,3,38
38,2,38
39,2,38
40,3,38
41,3,38
42,4,38
43,2,38
44,4,38
45,2,38
46,2,38
47,2,38
48,4,38
49,5,38
50,7,38
51,2,38
52,2,38
53,2,38
54,2,38
55,2,38
56,3,38
57,2,38
58,3,38
59,2,38
60,2,38
61,3,38
62,2,38
63,2,38
64,5,38
65,2,38
66,6,38
67,2,38
68,7,38
69,3,38
70,2,38
71,3,38
72,6,38
73,3,38
74,2,38
75,3,38
76,4,38
77,3,38
78,3,38
79,3,38
80,2,38
81,2,38
82,2,38
83,2,38
84,2,38
85,3,38
86,3,38
87,2,38
88,2,38
89,3,38
90,2,38
91,4,38
92,4,38
93,7,38
94,2,38
95,2,38
96,2,38
97,3,38
98,3,38
99,3,38
0,3,55
1,4,55
2,6,55
3,3,55
4,2,55
5,3,55
6,5,55
7,4,55
8,3,55
9,3,55
10,4,55
11,2,55
12,4,55
13,4,55
14,3,55
15,3,55
16,3,55
17,3,55
18,3,55
19,5,55
20,3,55
21,2,55
22,5,55
23,3,55
24,2,55
25,3,55
26,4,55
27,2,55
28,3,55
29,3,55
30,3,55
31,3,55
32,3,55
33,2,55
34,3,55
35,5,55
36,5,55
37,4,55
38,2,55
39,6,55
40,5,55
41,3,55
42,5,55
43,3,55
44,3,55
45,4,55
46,4,55
47,2,55
48,3,55
49,4,55
50,3,55
51,3,55
52,4,55
53,4,55
54,5,55
55,3,55
56,5,55
57,3,55
58,3,55
59,2,55
60,3,55
61,2,55
62,4,55
63,2,55
64,6,55
65,4,55
66,4,55
67,3,55
68,3,55
69,4,55
70,2,55
71,4,55
72,3,55
73,3,55
74,5,55
75,3,55
76,4,55
77,4,55
78,5,55
79,5,55
80,2,55
81,3,55
82,3,55
83,4,55
84,3,55
85,2,55
86,2,55
87,4,55
88,6,55
89,10,55
90,3,55
91,4,55
92,5,55
93,3,55
94,2,55
95,4,55
96,3,55
97,3,55
98,4,55
99,4,55
0,3,39
1,2,39
2,3,39
3,2,39
4,8,39
5,2,39
6,4,39
7,5,39
8,2,39
9,3,39
10,2,39
11,2,39
12,2,39
13,2,39
14,4,39
15,3,39
16,3,39
17,2,39
18,2,39
19,2,39
20,3,39
21,3,39
22,4,39
23,4,39
24,4,39
25,3,39
26,3,39
27,3,39
28,2,39
29,3,39
30,2,39
31,3,39
32,3,39
33,2,39
34,2,39
35,3,39
36,2,39
37,3,39
38,3,39
39,8,39
40,3,39
41,3,39
42,4,39
43,2,39
44,2,39
45,2,39
46,2,39
47,5,39
48,3,39
49,2,39
50,1,39
51,2,39
52,4,39
53,2,39
54,4,39
55,3,39
56,3,39
57,2,39
58,6,39
59,2,39
60,2,39
61,2,39
62,3,39
63,2,39
64,2,39
65,4,39
66,2,39
67,3,39
68,5,39
69,3,39
70,4,39
71,2,39
72,2,39
73,2,39
74,2,39
75,5,39
76,5,39
77,3,39
78,2,39
79,5,39
80,4,39
81,2,39
82,2,39
83,4,39
84,5,39
85,3,39
86,2,39
87,4,39
88,4,39
89,4,39
90,3,39
91,2,39
92,2,39
93,2,39
94,2,39
95,2,39
96,4,39
97,2,39
98,2,39
99,2,39
0,3,56
1,5,56
2,7,56
3,6,56
4,4,56
5,3,56
6,3,56
7,3,56
8,3,56
9,4,56
10,3,56
11,5,56
12,4,56
13,3,56
14,5,56
15,3,56
16,2,56
17,3,56
18,3,56
19,4,56
20,3,56
21,3,56
22,3,56
23,3,56
24,3,56
25,6,56
26,4,56
27,4,56
28,3,56
29,3,56
30,3,56
31,5,56
32,3,56
33,4,56
34,2,56
35,3,56
36,3,56
37,5,56
38,3,56
39,5,56
40,4,56
41,5,56
42,3,56
43,3,56
44,6,56
45,2,56
46,3,56
47,2,56
48,4,56
49,2,56
50,6,56
51,2,56
52,2,56
53,3,56
54,6,56
55,3,56
56,2,56
57,3,56
58,3,56
59,4,56
60,2,56
61,3,56
62,4,56
63,3,56
64,2,56
65,4,56
66,2,56
67,4,56
68,4,56
69,4,56
70,3,56
71,3,56
72,3,56
73,3,56
74,3,56
75,2,56
76,2,56
77,2,56
78,4,56
79,2,56
80,3,56
81,3,56
82,4,56
83,2,56
84,3,56
85,4,56
86,3,56
87,2,56
88,3,56
89,3,56
90,4,56
91,7,56
92,2,56
93,4,56
94,2,56
95,4,56
96,4,56
97,3,56
98,3,56
99,2,56
0,3,40
1,3,40
2,7,40
3,3,40
4,2,40
5,3,40
6,4,40
7,2,40
8,3,40
9,2,40
10,3,40
11,5,40
12,2,40
13,3,40
14,3,40
15,2,40
16,2,40
17,5,40
18,2,40
19,3,40
20,3,40
21,3,40
22,2,40
23,2,40
24,2,40
25,2,40
26,3,40
27,4,40
28,4,40
29,3,40
30,3,40
31,4,40
32,2,40
33,2,40
34,3,40
35,4,40
36,4,40
37,2,40
38,5,40
39,3,40
40,4,40
41,3,40
42,3,40
43,3,40
44,2,40
45,2,40
46,2,40
47,2,40
48,3,40
49,2,40
50,3,40
51,4,40
52,2,40
53,2,40
54,2,40
55,2,40
56,6,40
57,4,40
58,3,40
59,4,40
60,4,40
61,6,40
62,3,40
63,2,40
64,2,40
65,4,40
66,2,40
67,2,40
68,5,40
69,2,40
70,2,40
71,3,40
72,4,40
73,4,40
74,3,40
75,4,40
76,4,40
77,2,40
78,4,40
79,2,40
80,3,40
81,2,40
82,3,40
83,2,40
84,3,40
85,4,40
86,4,40
87,4,40
88,3,40
89,4,40
90,5,40
91,2,40
92,3,40
93,5,40
94,3,40
95,2,40
96,3,40
97,2,40
98,2,40
99,2,40
0,2,41
1,2,41
2,3,41
3,3,41
4,3,41
5,2,41
6,4,41
7,4,41
8,5,41
9,2,41
10,2,41
11,2,41
12,2,41
13,4,41
14,2,41
15,3,41
16,10,41
17,4,41
18,4,41
19,7,41
20,2,41
21,3,41
22,3,41
23,4,41
24,4,41
25,3,41
26,3,41
27,8,41
28,2,41
29,3,41
30,4,41
31,2,41
32,3,41
33,4,41
34,3,41
35,3,41
36,2,41
37,5,41
38,3,41
39,4,41
40,2,41
41,2,41
42,4,41
43,2,41
44,2,41
45,5,41
46,2,41
47,3,41
48,3,41
49,3,41
50,2,41
51,3,41
52,6,41
53,2,41
54,2,41
55,3,41
56,2,41
57,2,41
58,3,41
59,2,41
60,2,41
61,5,41
62,4,41
63,4,41
64,4,41
65,2,41
66,2,41
67,3,41
68,4,41
69,2,41
70,3,41
71,2,41
72,2,41
73,4,41
74,2,41
75,3,41
76,2,41
77,1,41
78,3,41
79,3,41
80,4,41
81,4,41
82,8,41
83,3,41
84,2,41
85,3,41
86,3,41
87,3,41
88,2,41
89,4,41
90,6,41
91,9,41
92,2,41
93,3,41
94,4,41
95,3,41
96,3,41
97,3,41
98,3,41
99,3,41
0,2,42
1,7,42
2,5,42
3,3,42
4,3,42
5,3,42
6,2,42
7,4,42
8,2,42
9,3,42
10,2,42
11,2,42
12,3,42
13,3,42
14,2,42
15,3,42
16,2,42
17,5,42
18,2,42
19,3,42
20,3,42
21,3,42
22,4,42
23,2,42
24,3,42
25,2,42
26,2,42
27,4,42
28,5,42
29,2,42
30,3,42
31,3,42
32,4,42
33,4,42
34,2,42
35,3,42
36,3,42
37,4,42
38,3,42
39,3,42
40,2,42
41,4,42
42,6,42
43,3,42
44,3,42
45,2,42
46,2,42
47,3,42
48,2,42
49,6,42
50,3,42
51,3,42
52,4,42
53,3,42
54,3,42
55,3,42
56,3,42
57,3,42
58,4,42
59,2,42
60,2,42
61,3,42
62,3,42
63,6,42
64,2,42
65,2,42
66,9,42
67,4,42
68,3,42
69,4,42
70,3,42
71,2,42
72,3,42
73,2,42
74,4,42
75,8,42
76,3,42
77,2,42
78,2,42
79,2,42
80,5,42
81,3,42
82,4,42
83,4,42
84,2,42
85,4,42
86,2,42
87,3,42
88,3,42
89,3,42
90,4,42
91,5,42
92,3,42
93,3,42
94,2,42
95,3,42
96,3,42
97,2,42
98,2,42
99,4,42
0,4,43
1,2,43
2,5,43
3,4,43
4,2,43
5,5,43
6,5,43
7,3,43
8,2,43
9,4,43
10,3,43
11,3,43
12,2,43
13,2,43
14,2,43
15,2,43
16,4,43
17,2,43
18,3,43
19,2,43
20,5,43
21,5,43
22,4,43
23,3,43
24,2,43
25,3,43
26,2,43
27,4,43
28,5,43
29,2,43
30,3,43
31,3,43
32,4,43
33,4,43
34,4,43
35,3,43
36,2,43
37,5,43
38,2,43
39,4,43
40,2,43
41,3,43
42,3,43
43,2,43
44,2,43
45,3,43
46,2,43
47,2,43
48,5,43
49,4,43
50,4,43
51,3,43
52,3,43
53,4,43
54,2,43
55,2,43
56,2,43
57,5,43
58,4,43
59,4,43
60,2,43
61,3,43
62,3,43
63,5,43
64,3,43
65,2,43
66,3,43
67,4,43
68,6,43
69,3,43
70,2,43
71,2,43
72,3,43
73,4,43
74,4,43
75,3,43
76,3,43
77,4,43
78,3,43
79,6,43
80,2,43
81,5,43
82,2,43
83,2,43
84,2,43
85,2,43
86,2,43
87,2,43
88,5,43
89,3,43
90,4,43
91,4,43
92,2,43
93,3,43
94,5,43
95,2,43
96,2,43
97,3,43
98,3,43
99,4,43
0,1,44
1,4,44
2,2,44
3,2,44
4,3,44
5,3,44
6,2,44
7,3,44
8,4,44
9,5,44
10,3,44
11,5,44
12,3,44
13,2,44
14,2,44
15,3,44
16,4,44
17,3,44
18,3,44
19,1,44
20,5,44
21,2,44
22,2,44
23,3,44
24,9,44
25,3,44
26,2,44
27,4,44
28,3,44
29,4,44
30,3,44
31,3,44
32,3,44
33,3,44
34,5,44
35,4,44
36,4,44
37,4,44
38,3,44
39,2,44
40,4,44
41,4,44
42,4,44
43,4,44
44,2,44
45,2,44
46,3,44
47,4,44
48,2,44
49,3,44
50,3,44
51,2,44
52,2,44
53,2,44
54,4,44
55,5,44
56,4,44
57,4,44
58,4,44
59,2,44
60,3,44
61,4,44
62,2,44
63,2,44
64,3,44
65,3,44
66,3,44
67,2,44
68,4,44
69,2,44
70,4,44
71,2,44
72,2,44
73,4,44
74,2,44
75,4,44
76,7,44
77,3,44
78,3,44
79,4,44
80,2,44
81,2,44
82,4,44
83,4,44
84,2,44
85,4,44
86,2,44
87,3,44
88,3,44
89,4,44
90,3,44
91,4,44
92,3,44
93,2,44
94,4,44
95,4,44
96,2,44
97,4,44
98,3,44
99,3,44
0,3,45
1,5,45
2,3,45
3,6,45
4,3,45
5,2,45
6,3,45
7,2,45
8,2,45
9,2,45
10,2,45
11,3,45
12,2,45
13,3,45
14,3,45
15,4,45
16,4,45
17,4,45
18,4,45
19,3,45
20,3,45
21,3,45
22,5,45
23,3,45
24,3,45
25,5,45
26,6,45
27,4,45
28,2,45
29,3,45
30,3,45
31,2,45
32,3,45
33,4,45
34,2,45
35,2,45
36,3,45
37,4,45
38,2,45
39,4,45
40,5,45
41,4,45
42,2,45
43,5,45
44,5,45
45,2,45
46,4,45
47,2,45
48,4,45
49,2,45
50,3,45
51,3,45
52,4,45
53,3,45
54,3,45
55,4,45
56,5,45
57,2,45
58,2,45
59,4,45
60,3,45
61,2,45
62,2,45
63,2,45
64,2,45
65,4,45
66,3,45
67,2,45
68,4,45
69,3,45
70,2,45
71,3,45
72,4,45
73,3,45
74,5,45
75,2,45
76,4,45
77,2,45
78,3,45
79,5,45
80,3,45
81,3,45
82,2,45
83,4,45
84,4,45
85,6,45
86,3,45
87,2,45
88,3,45
89,2,45
90,2,45
91,4,45
92,4,45
93,3,45
94,2,45
95,3,45
96,2,45
97,3,45
98,4,45
99,2,45
0,7,46
1,3,46
2,4,46
3,4,46
4,1,46
5,3,46
6,2,46
7,2,46
8,3,46
9,3,46
10,2,46
11,3,46
12,6,46
13,4,46
14,4,46
15,4,46
16,4,46
17,4,46
18,3,46
19,5,46
20,2,46
21,3,46
22,2,46
23,5,46
24,3,46
25,3,46
26,2,46
27,2,46
28,9,46
29,2,46
30,2,46
31,2,46
32,2,46
33,3,46
34,2,46
35,3,46
36,4,46
37,5,46
38,5,46
39,4,46
40,5,46
41,2,46
42,2,46
43,5,46
44,2,46
45,3,46
46,3,46
47,4,46
48,4,46
49,4,46
50,2,46
51,3,46
52,4,46
53,3,46
54,3,46
55,3,46
56,5,46
57,3,46
58,2,46
59,3,46
60,3,46
61,4,46
62,4,46
63,3,46
64,3,46
65,2,46
66,2,46
67,4,46
68,2,46
69,4,46
70,5,46
71,3,46
72,1,46
73,3,46
74,4,46
75,3,46
76,4,46
77,3,46
78,3,46
79,4,46
80,4,46
81,4,46
82,2,46
83,3,46
84,5,46
85,2,46
86,2,46
87,3,46
88,5,46
89,5,46
90,4,46
91,3,46
92,3,46
93,4,46
94,4,46
95,6,46
96,5,46
97,3,46
98,3,46
99,4,46
0,9,47
1,2,47
2,2,47
3,5,47
4,3,47
5,2,47
6,2,47
7,2,47
8,2,47
9,2,47
10,2,47
11,3,47
12,2,47
13,4,47
14,2,47
15,4,47
16,2,47
17,3,47
18,2,47
19,3,47
20,4,47
21,3,47
22,2,47
23,2,47
24,3,47
25,2,47
26,3,47
27,3,47
28,2,47
29,4,47
30,6,47
31,2,47
32,3,47
33,3,47
34,4,47
35,3,47
36,3,47
37,5,47
38,6,47
39,3,47
40,6,47
41,6,47
42,2,47
43,7,47
44,3,47
45,4,47
46,3,47
47,3,47
48,2,47
49,2,47
50,7,47
51,3,47
52,2,47
53,4,47
54,2,47
55,3,47
56,3,47
57,3,47
58,7,47
59,3,47
60,3,47
61,3,47
62,2,47
63,7,47
64,2,47
65,3,47
66,3,47
67,2,47
68,3,47
69,2,47
70,5,47
71,4,47
72,4,47
73,9,47
74,2,47
75,2,47
76,3,47
77,3,47
78,2,47
79,3,47
80,5,47
81,3,47
82,2,47
83,5,47
84,3,47
85,5,47
86,2,47
87,3,47
88,2,47
89,3,47
90,3,47
91,4,47
92,3,47
93,5,47
94,2,47
95,4,47
96,4,47
97,5,47
98,4,47
99,5,47
0,2,48
1,3,48
2,2,48
3,3,48
4,3,48
5,2,48
6,3,48
7,3,48
8,3,48
9,2,48
10,2,48
11,3,48
12,2,48
13,5,48
14,3,48
15,4,48
16,2,48
17,3,48
18,4,48
19,3,48
20,4,48
21,2,48
22,2,48
23,2,48
24,2,48
25,2,48
26,4,48
27,3,48
28,3,48
29,2,48
30,3,48
31,3,48
32,6,48
33,4,48
34,2,48
35,3,48
36,2,48
37,3,48
38,4,48
39,3,48
40,3,48
41,2,48
42,3,48
43,3,48
44,2,48
45,4,48
46,3,48
47,5,48
48,3,48
49,3,48
50,2,48
51,4,48
52,5,48
53,3,48
54,7,48
55,5,48
56,3,48
57,2,48
58,2,48
59,4,48
60,3,48
61,2,48
62,5,48
63,2,48
64,3,48
65,2,48
66,2,48
67,2,48
68,3,48
69,3,48
70,2,48
71,6,48
72,3,48
73,2,48
74,3,48
75,4,48
76,5,48
77,6,48
78,2,48
79,3,48
80,3,48
81,6,48
82,2,48
83,3,48
84,5,48
85,2,48
86,3,48
87,3,48
88,3,48
89,2,48
90,7,48
91,4,48
92,3,48
93,2,48
94,4,48
95,4,48
96,3,48
97,3,48
98,3,48
99,2,48
0,3,49
1,4,49
2,5,49
3,2,49
4,7,49
5,3,49
6,2,49
7,3,49
8,2,49
9,2,49
10,2,49
11,4,49
12,5,49
13,6,49
14,5,49
15,3,49
16,5,49
17,3,49
18,3,49
19,2,49
20,2,49
21,3,49
22,7,49
23,3,49
24,2,49
25,7,49
26,3,49
27,3,49
28,3,49
29,2,49
30,4,49
31,5,49
32,7,49
33,3,49
34,3,49
35,3,49
36,3,49
37,2,49
38,7,49
39,2,49
40,5,49
41,2,49
42,2,49
43,2,49
44,3,49
45,6,49
46,3,49
47,3,49
48,4,49
49,2,49
50,4,49
51,3,49
52,3,49
53,4,49
54,3,49
55,4,49
56,4,49
57,2,49
58,5,49
59,2,49
60,2,49
61,4,49
62,3,49
63,3,49
64,4,49
65,2,49
66,3,49
67,4,49
68,3,49
69,6,49
70,2,49
71,3,49
72,4,49
73,3,49
74,3,49
75,4,49
76,3,49
77,2,49
78,2,49
79,3,49
80,5,49
81,3,49
82,3,49
83,4,49
84,4,49
85,4,49
86,3,49
87,2,49
88,3,49
89,3,49
90,3,49
91,3,49
92,3,49
93,3,49
94,6,49
95,3,49
96,2,49
97,3,49
98,2,49
99,3,49
0,4,50
1,4,50
2,3,50
3,2,50
4,33,50
5,4,50
6,3,50
7,2,50
8,3,50
9,5,50
10,2,50
11,4,50
12,3,50
13,2,50
14,4,50
15,4,50
16,3,50
17,3,50
18,4,50
19,3,50
20,2,50
21,3,50
22,4,50
23,3,50
24,6,50
25,3,50
26,3,50
27,3,50
28,2,50
29,9,50
30,3,50
31,4,50
32,2,50
33,3,50
34,2,50
35,2,50
36,3,50
37,3,50
38,2,50
39,3,50
40,7,50
41,3,50
42,2,50
43,4,50
44,5,50
45,2,50
46,4,50
47,4,50
48,2,50
49,4,50
50,5,50
51,3,50
52,5,50
53,4,50
54,2,50
55,2,50
56,3,50
57,3,50
58,4,50
59,4,50
60,3,50
61,4,50
62,4,50
63,3,50
64,2,50
65,2,50
66,3,50
67,3,50
68,2,50
69,2,50
70,2,50
71,2,50
72,3,50
73,9,50
74,3,50
75,5,50
76,3,50
77,2,50
78,6,50
79,3,50
80,3,50
81,3,50
82,3,50
83,3,50
84,2,50
85,9,50
86,3,50
87,6,50
88,2,50
89,3,50
90,3,50
91,3,50
92,3,50
93,3,50
94,2,50
95,6,50
96,3,50
97,3,50
98,4,50
99,2,50
0,4,51
1,3,51
2,3,51
3,4,51
4,4,51
5,4,51
6,2,51
7,3,51
8,2,51
9,4,51
10,2,51
11,3,51
12,3,51
13,4,51
14,3,51
15,5,51
16,3,51
17,2,51
18,2,51
19,3,51
20,2,51
21,2,51
22,3,51
23,2,51
24,3,51
25,4,51
26,3,51
27,2,51
28,2,51
29,5,51
30,5,51
31,3,51
32,2,51
33,3,51
34,3,51
35,3,51
36,4,51
37,3,51
38,5,51
39,5,51
40,2,51
41,2,51
42,4,51
43,3,51
44,4,51
45,5,51
46,2,51
47,2,51
48,3,51
49,3,51
50,5,51
51,3,51
52,4,51
53,4,51
54,4,51
55,7,51
56,3,51
57,2,51
58,3,51
59,2,51
60,2,51
61,3,51
62,2,51
63,2,51
64,2,51
65,4,51
66,4,51
67,3,51
68,3,51
69,2,51
70,4,51
71,3,51
72,3,51
73,4,51
74,3,51
75,4,51
76,4,51
77,6,51
78,3,51
79,3,51
80,3,51
81,2,51
82,3,51
83,4,51
84,3,51
85,5,51
86,2,51
87,7,51
88,6,51
89,3,51
90,4,51
91,5,51
92,4,51
93,8,51
94,2,51
95,3,51
96,2,51
97,3,51
98,3,51
99,4,51
0,4,68
1,3,68
2,2,68
3,3,68
4,6,68
5,29,68
6,10,68
7,3,68
8,4,68
9,4,68
10,4,68
11,2,68
12,3,68
13,3,68
14,2,68
15,3,68
16,5,68
17,5,68
18,2,68
19,4,68
20,5,68
21,2,68
22,3,68
23,4,68
24,3,68
25,3,68
26,3,68
27,3,68
28,3,68
29,3,68
30,3,68
31,2,68
32,2,68
33,7,68
34,3,68
35,4,68
36,3,68
37,5,68
38,3,68
39,3,68
40,5,68
41,3,68
42,3,68
43,3,68
44,5,68
45,3,68
46,5,68
47,3,68
48,3,68
49,4,68
50,5,68
51,3,68
52,5,68
53,3,68
54,3,68
55,4,68
56,2,68
57,3,68
58,7,68
59,5,68
60,2,68
61,6,68
62,35,68
63,3,68
64,4,68
65,3,68
66,7,68
67,2,68
68,3,68
69,3,68
70,3,68
71,4,68
72,4,68
73,2,68
74,3,68
75,5,68
76,4,68
77,4,68
78,2,68
79,4,68
80,2,68
81,2,68
82,3,68
83,4,68
84,3,68
85,5,68
86,4,68
87,4,68
88,4,68
89,5,68
90,7,68
91,4,68
92,2,68
93,3,68
94,3,68
95,4,68
96,3,68
97,4,68
98,3,68
99,4,68
0,5,69
1,4,69
2,4,69
3,4,69
4,6,69
5,5,69
6,3,69
7,4,69
8,4,69
9,3,69
10,5,69
11,4,69
12,3,69
13,4,69
14,3,69
15,3,69
16,4,69
17,5,69
18,7,69
19,3,69
20,6,69
21,2,69
22,3,69
23,3,69
24,3,69
25,4,69
26,4,69
27,3,69
28,4,69
29,4,69
30,2,69
31,3,69
32,4,69
33,3,69
34,4,69
35,3,69
36,6,69
37,3,69
38,2,69
39,5,69
40,4,69
41,2,69
42,5,69
43,7,69
44,3,69
45,6,69
46,3,69
47,3,69
48,3,69
49,5,69
50,4,69
51,3,69
52,4,69
53,4,69
54,2,69
55,6,69
56,3,69
57,5,69
58,2,69
59,4,69
60,3,69
61,3,69
62,3,69
63,5,69
64,4,69
65,8,69
66,4,69
67,9,69
68,3,69
69,4,69
70,2,69
71,4,69
72,3,69
73,3,69
74,4,69
75,3,69
76,3,69
77,4,69
78,5,69
79,3,69
80,4,69
81,5,69
82,5,69
83,2,69
84,4,69
85,4,69
86,3,69
87,3,69
88,3,69
89,4,69
90,4,69
91,3,69
92,3,69
93,4,69
94,3,69
95,4,69
96,4,69
97,4,69
98,5,69
99,3,69
0,3,70
1,4,70
2,3,70
3,5,70
4,3,70
5,4,70
6,5,70
7,5,70
8,5,70
9,4,70
10,3,70
11,4,70
12,4,70
13,3,70
14,4,70
15,5,70
16,3,70
17,2,70
18,8,70
19,3,70
20,5,70
21,3,70
22,6,70
23,5,70
24,3,70
25,7,70
26,3,70
27,3,70
28,4,70
29,3,70
30,2,70
31,3,70
32,3,70
33,3,70
34,2,70
35,4,70
36,3,70
37,3,70
38,4,70
39,5,70
40,3,70
41,4,70
42,3,70
43,4,70
44,3,70
45,3,70
46,4,70
47,3,70
48,5,70
49,3,70
50,3,70
51,4,70
52,5,70
53,4,70
54,5,70
55,3,70
56,4,70
57,3,70
58,3,70
59,3,70
60,3,70
61,5,70
62,4,70
63,2,70
64,2,70
65,3,70
66,6,70
67,3,70
68,3,70
69,5,70
70,4,70
71,3,70
72,3,70
73,3,70
74,4,70
75,3,70
76,4,70
77,4,70
78,2,70
79,3,70
80,4,70
81,3,70
82,5,70
83,3,70
84,3,70
85,4,70
86,4,70
87,3,70
88,4,70
89,4,70
90,5,70
91,3,70
92,4,70
93,2,70
94,3,70
95,2,70
96,5,70
97,4,70
98,3,70
99,2,70
0,4,71
1,5,71
2,4,71
3,3,71
4,4,71
5,4,71
6,3,71
7,5,71
8,5,71
9,4,71
10,3,71
11,4,71
12,3,71
13,3,71
14,4,71
15,4,71
16,7,71
17,3,71
18,2,71
19,5,71
20,5,71
21,4,71
22,6,71
23,4,71
24,3,71
25,4,71
26,5,71
27,3,71
28,3,71
29,4,71
30,2,71
31,4,71
32,4,71
33,4,71
34,3,71
35,2,71
36,2,71
37,5,71
38,2,71
39,9,71
40,3,71
41,4,71
42,3,71
43,2,71
44,3,71
45,3,71
46,4,71
47,3,71
48,4,71
49,3,71
50,3,71
51,4,71
52,3,71
53,4,71
54,2,71
55,3,71
56,3,71
57,3,71
58,4,71
59,4,71
60,9,71
61,3,71
62,2,71
63,2,71
64,3,71
65,3,71
66,4,71
67,4,71
68,3,71
69,4,71
70,2,71
71,2,71
72,3,71
73,4,71
74,4,71
75,6,71
76,3,71
77,2,71
78,4,71
79,4,71
80,3,71
81,4,71
82,3,71
83,2,71
84,3,71
85,4,71
86,3,71
87,3,71
88,4,71
89,3,71
90,3,71
91,2,71
92,5,71
93,4,71
94,3,71
95,3,71
96,5,71
97,4,71
98,6,71
99,7,71
0,2,72
1,4,72
2,4,72
3,6,72
4,4,72
5,3,72
6,3,72
7,5,72
8,3,72
9,7,72
10,3,72
11,3,72
12,4,72
13,3,72
14,4,72
15,4,72
16,3,72
17,4,72
18,7,72
19,3,72
20,2,72
21,20,72
22,6,72
23,3,72
24,3,72
25,4,72
26,3,72
27,3,72
28,3,72
29,4,72
30,3,72
31,2,72
32,3,72
33,6,72
34,3,72
35,3,72
36,4,72
37,3,72
38,3,72
39,4,72
40,3,72
41,3,72
42,5,72
43,4,72
44,5,72
45,4,72
46,4,72
47,3,72
48,4,72
49,4,72
50,3,72
51,3,72
52,2,72
53,3,72
54,6,72
55,4,72
56,5,72
57,9,72
58,4,72
59,5,72
60,3,72
61,5,72
62,5,72
63,3,72
64,3,72
65,4,72
66,4,72
67,2,72
68,3,72
69,3,72
70,4,72
71,3,72
72,3,72
73,4,72
74,4,72
75,3,72
76,4,72
77,6,72
78,3,72
79,5,72
80,3,72
81,5,72
82,4,72
83,7,72
84,3,72
85,5,72
86,2,72
87,3,72
88,25,72
89,2,72
90,4,72
91,4,72
92,4,72
93,5,72
94,4,72
95,4,72
96,4,72
97,5,72
98,3,72
99,3,72
0,5,73
1,3,73
2,3,73
3,5,73
4,4,73
5,7,73
6,3,73
7,4,73
8,3,73
9,3,73
10,6,73
11,4,73
12,4,73
13,4,73
14,3,73
15,2,73
16,2,73
17,3,73
18,3,73
19,6,73
20,4,73
21,4,73
22,3,73
23,5,73
24,3,73
25,4,73
26,3,73
27,5,73
28,3,73
29,3,73
30,3,73
31,4,73
32,3,73
33,3,73
34,4,73
35,3,73
36,3,73
37,4,73
38,2,73
39,3,73
40,4,73
41,7,73
42,3,73
43,3,73
44,3,73
45,5,73
46,2,73
47,5,73
48,3,73
49,8,73
50,4,73
51,4,73
52,5,73
53,4,73
54,4,73
55,5,73
56,2,73
57,4,73
58,4,73
59,3,73
60,6,73
61,3,73
62,3,73
63,2,73
64,3,73
65,3,73
66,3,73
67,3,73
68,5,73
69,4,73
70,3,73
71,3,73
72,3,73
73,3,73
74,5,73
75,6,73
76,4,73
77,2,73
78,3,73
79,4,73
80,5,73
81,2,73
82,3,73
83,4,73
84,5,73
85,6,73
86,2,73
87,4,73
88,2,73
89,4,73
90,5,73
91,2,73
92,3,73
93,4,73
94,3,73
95,3,73
96,4,73
97,4,73
98,5,73
99,3,73
0,2,57
1,3,57
2,4,57
3,3,57
4,3,57
5,3,57
6,3,57
7,3,57
8,5,57
9,5,57
10,3,57
11,2,57
12,4,57
13,3,57
14,2,57
15,2,57
16,5,57
17,3,57
18,3,57
19,2,57
20,4,57
21,4,57
22,2,57
23,5,57
24,5,57
25,2,57
26,3,57
27,6,57
28,3,57
29,3,57
30,4,57
31,3,57
32,3,57
33,3,57
34,3,57
35,4,57
36,2,57
37,3,57
38,4,57
39,3,57
40,2,57
41,5,57
42,3,57
43,2,57
44,3,57
45,3,57
46,5,57
47,2,57
48,3,57
49,4,57
50,3,57
51,3,57
52,4,57
53,4,57
54,4,57
55,3,57
56,5,57
57,3,57
58,4,57
59,3,57
60,3,57
61,4,57
62,4,57
63,2,57
64,2,57
65,4,57
66,3,57
67,4,57
68,6,57
69,5,57
70,2,57
71,3,57
72,5,57
73,2,57
74,3,57
75,3,57
76,3,57
77,2,57
78,4,57
79,6,57
80,3,57
81,7,57
82,2,57
83,2,57
84,3,57
85,3,57
86,4,57
87,4,57
88,46,57
89,3,57
90,5,57
91,4,57
92,3,57
93,4,57
94,4,57
95,3,57
96,6,57
97,2,57
98,2,57
99,3,57
0,2,58
1,4,58
2,2,58
3,3,58
4,3,58
5,3,58
6,3,58
7,2,58
8,5,58
9,3,58
10,4,58
11,4,58
12,3,58
13,4,58
14,2,58
15,2,58
16,5,58
17,5,58
18,3,58
19,3,58
20,4,58
21,6,58
22,3,58
23,3,58
24,4,58
25,4,58
26,3,58
27,5,58
28,3,58
29,3,58
30,2,58
31,7,58
32,2,58
33,3,58
34,3,58
35,2,58
36,3,58
37,2,58
38,5,58
39,2,58
40,4,58
41,2,58
42,3,58
43,6,58
44,2,58
45,2,58
46,4,58
47,3,58
48,3,58
49,7,58
50,3,58
51,2,58
52,4,58
53,3,58
54,2,58
55,5,58
56,3,58
57,3,58
58,3,58
59,3,58
60,2,58
61,2,58
62,5,58
63,4,58
64,4,58
65,3,58
66,7,58
67,3,58
68,5,58
69,5,58
70,3,58
71,3,58
72,3,58
73,4,58
74,3,58
75,2,58
76,5,58
77,5,58
78,3,58
79,3,58
80,3,58
81,3,58
82,2,58
83,4,58
84,4,58
85,3,58
86,3,58
87,4,58
88,4,58
89,5,58
90,4,58
91,3,58
92,4,58
93,2,58
94,5,58
95,3,58
96,4,58
97,3,58
98,7,58
99,2,58
0,3,59
1,5,59
2,3,59
3,4,59
4,3,59
5,2,59
6,3,59
7,3,59
8,3,59
9,2,59
10,4,59
11,4,59
12,3,59
13,4,59
14,4,59
15,2,59
16,3,59
17,5,59
18,3,59
19,2,59
20,2,59
21,3,59
22,4,59
23,2,59
24,2,59
25,4,59
26,3,59
27,3,59
28,2,59
29,4,59
30,4,59
31,4,59
32,4,59
33,3,59
34,3,59
35,5,59
36,4,59
37,3,59
38,5,59
39,4,59
40,3,59
41,4,59
42,3,59
43,3,59
44,4,59
45,3,59
46,6,59
47,3,59
48,4,59
49,3,59
50,4,59
51,4,59
52,4,59
53,6,59
54,4,59
55,2,59
56,3,59
57,4,59
58,3,59
59,4,59
60,7,59
61,3,59
62,4,59
63,4,59
64,2,59
65,4,59
66,9,59
67,3,59
68,3,59
69,3,59
70,4,59
71,4,59
72,5,59
73,3,59
74,2,59
75,3,59
76,4,59
77,3,59
78,3,59
79,3,59
80,4,59
81,3,59
82,3,59
83,3,59
84,4,59
85,2,59
86,4,59
87,4,59
88,3,59
89,3,59
90,3,59
91,2,59
92,4,59
93,6,59
94,3,59
95,5,59
96,7,59
97,2,59
98,4,59
99,2,59
0,3,60
1,3,60
2,4,60
3,3,60
4,3,60
5,5,60
6,4,60
7,5,60
8,4,60
9,5,60
10,2,60
11,4,60
12,2,60
13,3,60
14,3,60
15,2,60
16,3,60
17,4,60
18,4,60
19,4,60
20,3,60
21,2,60
22,3,60
23,4,60
24,2,60
25,3,60
26,5,60
27,3,60
28,3,60
29,4,60
30,5,60
31,3,60
32,4,60
33,3,60
34,5,60
35,5,60
36,2,60
37,5,60
38,3,60
39,4,60
40,3,60
41,3,60
42,3,60
43,3,60
44,4,60
45,3,60
46,3,60
47,4,60
48,4,60
49,3,60
50,7,60
51,3,60
52,7,60
53,3,60
54,2,60
55,10,60
56,3,60
57,2,60
58,3,60
59,3,60
60,4,60
61,4,60
62,3,60
63,3,60
64,3,60
65,2,60
66,3,60
67,3,60
68,2,60
69,6,60
70,4,60
71,2,60
72,6,60
73,3,60
74,5,60
75,3,60
76,2,60
77,3,60
78,2,60
79,3,60
80,2,60
81,5,60
82,4,60
83,4,60
84,3,60
85,3,60
86,3,60
87,3,60
88,2,60
89,4,60
90,3,60
91,4,60
92,2,60
93,3,60
94,4,60
95,3,60
96,3,60
97,2,60
98,3,60
99,4,60
0,3,61
1,5,61
2,3,61
3,4,61
4,3,61
5,3,61
6,5,61
7,3,61
8,3,61
9,5,61
10,3,61
11,4,61
12,2,61
13,3,61
14,4,61
15,4,61
16,3,61
17,3,61
18,3,61
19,5,61
20,3,61
21,2,61
22,5,61
23,4,61
24,4,61
25,5,61
26,4,61
27,4,61
28,5,61
29,3,61
30,3,61
31,3,61
32,2,61
33,5,61
34,4,61
35,4,61
36,3,61
37,5,61
38,3,61
39,3,61
40,4,61
41,4,61
42,5,61
43,2,61
44,3,61
45,3,61
46,5,61
47,3,61
48,3,61
49,4,61
50,4,61
51,3,61
52,5,61
53,4,61
54,2,61
55,4,61
56,5,61
57,2,61
58,4,61
59,5,61
60,2,61
61,5,61
62,3,61
63,3,61
64,3,61
65,4,61
66,5,61
67,2,61
68,5,61
69,3,61
70,3,61
71,3,61
72,3,61
73,3,61
74,5,61
75,3,61
76,6,61
77,2,61
78,4,61
79,3,61
80,2,61
81,2,61
82,4,61
83,3,61
84,3,61
85,2,61
86,2,61
87,4,61
88,6,61
89,4,61
90,4,61
91,6,61
92,3,61
93,5,61
94,2,61
95,4,61
96,5,61
97,3,61
98,4,61
99,6,61
0,3,62
1,4,62
2,2,62
3,4,62
4,4,62
5,3,62
6,2,62
7,3,62
8,3,62
9,4,62
10,3,62
11,4,62
12,3,62
13,3,62
14,2,62
15,2,62
16,4,62
17,2,62
18,4,62
19,3,62
20,3,62
21,3,62
22,3,62
23,5,62
24,4,62
25,3,62
26,3,62
27,5,62
28,3,62
29,3,62
30,3,62
31,5,62
32,6,62
33,5,62
34,3,62
35,3,62
36,6,62
37,3,62
38,7,62
39,3,62
40,4,62
41,4,62
42,3,62
43,6,62
44,4,62
45,3,62
46,5,62
47,2,62
48,2,62
49,5,62
50,6,62
51,3,62
52,3,62
53,3,62
54,4,62
55,5,62
56,3,62
57,4,62
58,3,62
59,3,62
60,5,62
61,4,62
62,3,62
63,3,62
64,2,62
65,5,62
66,3,62
67,3,62
68,4,62
69,5,62
70,3,62
71,7,62
72,3,62
73,2,62
74,3,62
75,3,62
76,4,62
77,3,62
78,2,62
79,3,62
80,4,62
81,3,62
82,4,62
83,5,62
84,4,62
85,3,62
86,3,62
87,3,62
88,3,62
89,3,62
90,5,62
91,3,62
92,6,62
93,4,62
94,4,62
95,4,62
96,3,62
97,3,62
98,5,62
99,2,62
0,2,63
1,2,63
2,6,63
3,3,63
4,5,63
5,4,63
6,5,63
7,2,63
8,4,63
9,3,63
10,5,63
11,2,63
12,5,63
13,2,63
14,2,63
15,4,63
16,4,63
17,2,63
18,4,63
19,4,63
20,3,63
21,3,63
22,3,63
23,2,63
24,3,63
25,3,63
26,3,63
27,5,63
28,4,63
29,3,63
30,6,63
31,6,63
32,3,63
33,3,63
34,4,63
35,3,63
36,2,63
37,3,63
38,4,63
39,3,63
40,2,63
41,5,63
42,3,63
43,3,63
44,4,63
45,5,63
46,2,63
47,5,63
48,3,63
49,4,63
50,3,63
51,5,63
52,2,63
53,2,63
54,5,63
55,2,63
56,2,63
57,3,63
58,4,63
59,3,63
60,4,63
61,2,63
62,3,63
63,3,63
64,4,63
65,7,63
66,2,63
67,3,63
68,5,63
69,3,63
70,5,63
71,4,63
72,3,63
73,3,63
74,2,63
75,4,63
76,3,63
77,4,63
78,4,63
79,4,63
80,3,63
81,4,63
82,6,63
83,3,63
84,3,63
85,2,63
86,4,63
87,4,63
88,4,63
89,4,63
90,5,63
91,4,63
92,3,63
93,3,63
94,3,63
95,3,63
96,7,63
97,2,63
98,3,63
99,2,63
0,4,64
1,4,64
2,4,64
3,5,64
4,5,64
5,3,64
6,2,64
7,2,64
8,3,64
9,4,64
10,3,64
11,3,64
12,6,64
13,5,64
14,5,64
15,3,64
16,2,64
17,3,64
18,4,64
19,5,64
20,2,64
21,3,64
22,2,64
23,3,64
24,4,64
25,5,64
26,5,64
27,2,64
28,3,64
29,3,64
30,5,64
31,5,64
32,2,64
33,4,64
34,4,64
35,4,64
36,3,64
37,3,64
38,5,64
39,2,64
40,6,64
41,3,64
42,5,64
43,4,64
44,4,64
45,3,64
46,4,64
47,2,64
48,3,64
49,3,64
50,4,64
51,3,64
52,5,64
53,2,64
54,3,64
55,3,64
56,5,64
57,5,64
58,3,64
59,3,64
60,3,64
61,3,64
62,7,64
63,3,64
64,3,64
65,3,64
66,6,64
67,4,64
68,2,64
69,3,64
70,5,64
71,3,64
72,3,64
73,6,64
74,4,64
75,3,64
76,3,64
77,5,64
78,7,64
79,4,64
80,4,64
81,4,64
82,3,64
83,2,64
84,3,64
85,2,64
86,5,64
87,4,64
88,2,64
89,5,64
90,3,64
91,3,64
92,2,64
93,3,64
94,3,64
95,5,64
96,4,64
97,7,64
98,8,64
99,5,64
0,5,65
1,2,65
2,5,65
3,2,65
4,3,65
5,3,65
6,3,65
7,4,65
8,2,65
9,5,65
10,4,65
11,3,65
12,3,65
13,4,65
14,4,65
15,4,65
16,3,65
17,2,65
18,2,65
19,8,65
20,5,65
21,3,65
22,3,65
23,2,65
24,5,65
25,6,65
26,2,65
27,3,65
28,3,65
29,4,65
30,10,65
31,3,65
32,2,65
33,2,65
34,2,65
35,2,65
36,3,65
37,4,65
38,2,65
39,4,65
40,4,65
41,19,65
42,2,65
43,4,65
44,2,65
45,4,65
46,3,65
47,5,65
48,2,65
49,3,65
50,3,65
51,4,65
52,4,65
53,5,65
54,4,65
55,3,65
56,5,65
57,3,65
58,4,65
59,4,65
60,2,65
61,4,65
62,3,65
63,4,65
64,5,65
65,3,65
66,6,65
67,3,65
68,2,65
69,4,65
70,3,65
71,2,65
72,4,65
73,2,65
74,3,65
75,6,65
76,8,65
77,5,65
78,4,65
79,3,65
80,3,65
81,4,65
82,3,65
83,3,65
84,2,65
85,2,65
86,2,65
87,4,65
88,2,65
89,3,65
90,3,65
91,3,65
92,3,65
93,5,65
94,3,65
95,9,65
96,4,65
97,3,65
98,5,65
99,3,65
0,4,66
1,4,66
2,4,66
3,4,66
4,2,66
5,7,66
6,3,66
7,3,66
8,3,66
9,4,66
10,2,66
11,4,66
12,2,66
13,4,66
14,5,66
15,3,66
16,4,66
17,4,66
18,2,66
19,4,66
20,4,66
21,2,66
22,2,66
23,2,66
24,2,66
25,3,66
26,3,66
27,4,66
28,6,66
29,3,66
30,3,66
31,3,66
32,5,66
33,6,66
34,4,66
35,3,66
36,3,66
37,3,66
38,4,66
39,4,66
40,2,66
41,3,66
42,4,66
43,3,66
44,4,66
45,4,66
46,3,66
47,6,66
48,3,66
49,3,66
50,2,66
51,2,66
52,3,66
53,2,66
54,6,66
55,3,66
56,5,66
57,4,66
58,4,66
59,7,66
60,2,66
61,6,66
62,4,66
63,3,66
64,4,66
65,5,66
66,4,66
67,3,66
68,5,66
69,4,66
70,2,66
71,5,66
72,4,66
73,3,66
74,2,66
75,3,66
76,3,66
77,4,66
78,3,66
79,3,66
80,3,66
81,3,66
82,3,66
83,3,66
84,4,66
85,3,66
86,3,66
87,4,66
88,2,66
89,2,66
90,2,66
91,5,66
92,4,66
93,3,66
94,3,66
95,4,66
96,3,66
97,3,66
98,3,66
99,2,66
0,3,74
1,3,74
2,3,74
3,5,74
4,3,74
5,3,74
6,4,74
7,4,74
8,3,74
9,2,74
10,3,74
11,3,74
12,3,74
13,4,74
14,3,74
15,4,74
16,2,74
17,3,74
18,5,74
19,30,74
20,4,74
21,21,74
22,4,74
23,2,74
24,2,74
25,4,74
26,4,74
27,4,74
28,4,74
29,2,74
30,3,74
31,4,74
32,3,74
33,4,74
34,3,74
35,4,74
36,3,74
37,4,74
38,4,74
39,5,74
40,4,74
41,3,74
42,5,74
43,17,74
44,5,74
45,4,74
46,5,74
47,2,74
48,3,74
49,3,74
50,3,74
51,3,74
52,3,74
53,3,74
54,4,74
55,6,74
56,3,74
57,5,74
58,3,74
59,3,74
60,3,74
61,5,74
62,2,74
63,3,74
64,2,74
65,4,74
66,2,74
67,6,74
68,2,74
69,4,74
70,5,74
71,4,74
72,4,74
73,7,74
74,6,74
75,5,74
76,3,74
77,3,74
78,4,74
79,2,74
80,4,74
81,3,74
82,5,74
83,4,74
84,4,74
85,3,74
86,4,74
87,4,74
88,3,74
89,2,74
90,2,74
91,3,74
92,4,74
93,2,74
94,2,74
95,4,74
96,4,74
97,3,74
98,5,74
99,8,74
0,5,75
1,4,75
2,4,75
3,2,75
4,4,75
5,3,75
6,5,75
7,7,75
8,4,75
9,4,75
10,3,75
11,2,75
12,3,75
13,3,75
14,4,75
15,4,75
16,3,75
17,3,75
18,3,75
19,5,75
20,4,75
21,5,75
22,4,75
23,2,75
24,3,75
25,4,75
26,4,75
27,3,75
28,2,75
29,3,75
30,3,75
31,4,75
32,3,75
33,3,75
34,4,75
35,5,75
36,2,75
37,2,75
38,3,75
39,2,75
40,4,75
41,12,75
42,3,75
43,3,75
44,3,75
45,4,75
46,6,75
47,4,75
48,7,75
49,3,75
50,2,75
51,3,75
52,3,75
53,3,75
54,5,75
55,3,75
56,2,75
57,8,75
58,3,75
59,4,75
60,5,75
61,3,75
62,2,75
63,5,75
64,2,75
65,4,75
66,3,75
67,3,75
68,4,75
69,3,75
70,4,75
71,4,75
72,5,75
73,3,75
74,2,75
75,3,75
76,4,75
77,5,75
78,3,75
79,2,75
80,5,75
81,2,75
82,7,75
83,3,75
84,3,75
85,4,75
86,4,75
87,3,75
88,4,75
89,3,75
90,3,75
91,4,75
92,5,75
93,2,75
94,4,75
95,3,75
96,4,75
97,2,75
98,4,75
99,3,75
0,3,76
1,3,76
2,2,76
3,4,76
4,4,76
5,4,76
6,5,76
7,2,76
8,3,76
9,3,76
10,5,76
11,5,76
12,4,76
13,3,76
14,4,76
15,4,76
16,5,76
17,4,76
18,5,76
19,2,76
20,9,76
21,3,76
22,3,76
23,2,76
24,4,76
25,4,76
26,5,76
27,4,76
28,4,76
29,3,76
30,4,76
31,4,76
32,5,76
33,3,76
34,5,76
35,4,76
36,4,76
37,3,76
38,3,76
39,5,76
40,4,76
41,4,76
42,3,76
43,2,76
44,3,76
45,2,76
46,5,76
47,2,76
48,2,76
49,2,76
50,4,76
51,3,76
52,3,76
53,4,76
54,3,76
55,4,76
56,41,76
57,3,76
58,4,76
59,2,76
60,4,76
61,3,76
62,5,76
63,3,76
64,6,76
65,2,76
66,4,76
67,5,76
68,4,76
69,3,76
70,4,76
71,3,76
72,3,76
73,4,76
74,3,76
75,4,76
76,4,76
77,2,76
78,3,76
79,4,76
80,3,76
81,4,76
82,4,76
83,6,76
84,4,76
85,3,76
86,3,76
87,4,76
88,3,76
89,4,76
90,3,76
91,3,76
92,4,76
93,4,76
94,4,76
95,5,76
96,3,76
97,3,76
98,4,76
99,6,76
0,4,67
1,4,67
2,2,67
3,3,67
4,3,67
5,3,67
6,4,67
7,4,67
8,2,67
9,8,67
10,3,67
11,4,67
12,4,67
13,2,67
14,2,67
15,3,67
16,6,67
17,2,67
18,3,67
19,4,67
20,4,67
21,4,67
22,7,67
23,4,67
24,3,67
25,2,67
26,4,67
27,3,67
28,3,67
29,4,67
30,4,67
31,3,67
32,3,67
33,3,67
34,3,67
35,4,67
36,2,67
37,4,67
38,4,67
39,5,67
40,5,67
41,3,67
42,3,67
43,6,67
44,3,67
45,6,67
46,4,67
47,3,67
48,4,67
49,3,67
50,3,67
51,3,67
52,5,67
53,3,67
54,4,67
55,3,67
56,4,67
57,3,67
58,2,67
59,2,67
60,3,67
61,3,67
62,4,67
63,3,67
64,5,67
65,3,67
66,3,67
67,3,67
68,3,67
69,2,67
70,5,67
71,3,67
72,5,67
73,4,67
74,3,67
75,4,67
76,44,67
77,3,67
78,4,67
79,3,67
80,4,67
81,3,67
82,2,67
83,5,67
84,6,67
85,4,67
86,3,67
87,4,67
88,5,67
89,4,67
90,4,67
91,4,67
92,2,67
93,3,67
94,2,67
95,2,67
96,5,67
97,2,67
98,3,67
99,4,67
0,3,77
1,3,77
2,5,77
3,4,77
4,3,77
5,4,77
6,5,77
7,4,77
8,4,77
9,6,77
10,4,77
11,3,77
12,4,77
13,3,77
14,2,77
15,3,77
16,7,77
17,7,77
18,2,77
19,5,77
20,3,77
21,5,77
22,4,77
23,3,77
24,16,77
25,3,77
26,4,77
27,3,77
28,3,77
29,4,77
30,3,77
31,5,77
32,4,77
33,4,77
34,4,77
35,4,77
36,9,77
37,3,77
38,3,77
39,4,77
40,4,77
41,4,77
42,3,77
43,3,77
44,3,77
45,4,77
46,2,77
47,4,77
48,4,77
49,5,77
50,2,77
51,3,77
52,4,77
53,3,77
54,5,77
55,4,77
56,3,77
57,4,77
58,4,77
59,3,77
60,3,77
61,3,77
62,2,77
63,3,77
64,3,77
65,5,77
66,5,77
67,3,77
68,3,77
69,6,77
70,3,77
71,4,77
72,3,77
73,2,77
74,3,77
75,4,77
76,3,77
77,3,77
78,6,77
79,3,77
80,4,77
81,3,77
82,3,77
83,3,77
84,2,77
85,7,77
86,2,77
87,2,77
88,2,77
89,2,77
90,2,77
91,4,77
92,5,77
93,3,77
94,3,77
95,4,77
96,5,77
97,5,77
98,3,77
99,3,77
0,4,78
1,4,78
2,7,78
3,3,78
4,5,78
5,2,78
6,3,78
7,6,78
8,5,78
9,17,78
10,4,78
11,4,78
12,2,78
13,4,78
14,3,78
15,4,78
16,10,78
17,4,78
18,6,78
19,3,78
20,3,78
21,3,78
22,4,78
23,4,78
24,4,78
25,3,78
26,5,78
27,5,78
28,5,78
29,4,78
30,3,78
31,4,78
32,2,78
33,5,78
34,2,78
35,6,78
36,3,78
37,2,78
38,3,78
39,4,78
40,3,78
41,4,78
42,3,78
43,3,78
44,3,78
45,3,78
46,5,78
47,3,78
48,3,78
49,4,78
50,2,78
51,5,78
52,4,78
53,5,78
54,3,78
55,3,78
56,2,78
57,4,78
58,5,78
59,4,78
60,3,78
61,3,78
62,5,78
63,5,78
64,2,78
65,5,78
66,4,78
67,4,78
68,3,78
69,4,78
70,5,78
71,2,78
72,3,78
73,5,78
74,4,78
75,3,78
76,3,78
77,3,78
78,3,78
79,3,78
80,4,78
81,3,78
82,3,78
83,3,78
84,5,78
85,3,78
86,4,78
87,5,78
88,2,78
89,5,78
90,5,78
91,3,78
92,5,78
93,3,78
94,3,78
95,3,78
96,4,78
97,2,78
98,3,78
99,3,78
0,4,84
1,4,84
2,3,84
3,4,84
4,3,84
5,3,84
6,2,84
7,41,84
8,3,84
9,4,84
10,10,84
11,3,84
12,5,84
13,4,84
14,3,84
15,3,84
16,3,84
17,4,84
18,3,84
19,21,84
20,4,84
21,4,84
22,4,84
23,2,84
24,4,84
25,2,84
26,7,84
27,4,84
28,2,84
29,4,84
30,6,84
31,5,84
32,5,84
33,4,84
34,4,84
35,3,84
36,3,84
37,3,84
38,5,84
39,5,84
40,3,84
41,3,84
42,4,84
43,4,84
44,3,84
45,3,84
46,4,84
47,44,84
48,3,84
49,2,84
50,3,84
51,4,84
52,6,84
53,15,84
54,2,84
55,6,84
56,2,84
57,7,84
58,4,84
59,5,84
60,3,84
61,6,84
62,3,84
63,3,84
64,4,84
65,4,84
66,34,84
67,3,84
68,3,84
69,7,84
70,4,84
71,26,84
72,5,84
73,2,84
74,6,84
75,12,84
76,4,84
77,5,84
78,3,84
79,3,84
80,9,84
81,3,84
82,29,84
83,4,84
84,7,84
85,8,84
86,3,84
87,3,84
88,5,84
89,3,84
90,3,84
91,11,84
92,7,84
93,4,84
94,2,84
95,3,84
96,3,84
97,3,84
98,4,84
99,2,84
0,2,85
1,13,85
2,5,85
3,33,85
4,4,85
5,6,85
6,2,85
7,3,85
8,3,85
9,3,85
10,4,85
11,3,85
12,5,85
13,4,85
14,6,85
15,2,85
16,5,85
17,6,85
18,3,85
19,3,85
20,6,85
21,5,85
22,4,85
23,2,85
24,6,85
25,3,85
26,3,85
27,7,85
28,3,85
29,3,85
30,6,85
31,3,85
32,7,85
33,2,85
34,7,85
35,3,85
36,4,85
37,4,85
38,3,85
39,4,85
40,3,85
41,16,85
42,3,85
43,3,85
44,4,85
45,3,85
46,7,85
47,3,85
48,2,85
49,4,85
50,2,85
51,12,85
52,3,85
53,3,85
54,5,85
55,3,85
56,3,85
57,6,85
58,4,85
59,7,85
60,4,85
61,16,85
62,4,85
63,5,85
64,4,85
65,3,85
66,3,85
67,3,85
68,3,85
69,3,85
70,3,85
71,2,85
72,4,85
73,4,85
74,3,85
75,4,85
76,2,85
77,2,85
78,3,85
79,3,85
80,3,85
81,3,85
82,3,85
83,6,85
84,7,85
85,3,85
86,2,85
87,3,85
88,3,85
89,5,85
90,4,85
91,4,85
92,4,85
93,3,85
94,3,85
95,6,85
96,4,85
97,4,85
98,4,85
99,3,85
0,60,79
1,4,79
2,2,79
3,3,79
4,4,79
5,5,79
6,2,79
7,4,79
8,4,79
9,3,79
10,4,79
11,3,79
12,4,79
13,3,79
14,3,79
15,4,79
16,4,79
17,8,79
18,3,79
19,6,79
20,3,79
21,3,79
22,5,79
23,3,79
24,2,79
25,4,79
26,4,79
27,4,79
28,4,79
29,3,79
30,5,79
31,2,79
32,4,79
33,5,79
34,3,79
35,3,79
36,3,79
37,4,79
38,3,79
39,4,79
40,3,79
41,4,79
42,4,79
43,3,79
44,2,79
45,4,79
46,4,79
47,3,79
48,3,79
49,7,79
50,4,79
51,2,79
52,5,79
53,3,79
54,6,79
55,3,79
56,4,79
57,3,79
58,5,79
59,5,79
60,3,79
61,4,79
62,3,79
63,4,79
64,4,79
65,4,79
66,3,79
67,5,79
68,3,79
69,4,79
70,3,79
71,5,79
72,3,79
73,4,79
74,22,79
75,2,79
76,4,79
77,4,79
78,5,79
79,3,79
80,8,79
81,13,79
82,5,79
83,5,79
84,3,79
85,3,79
86,8,79
87,8,79
88,3,79
89,3,79
90,3,79
91,4,79
92,4,79
93,6,79
94,7,79
95,11,79
96,4,79
97,5,79
98,5,79
99,7,79
0,4,80
1,3,80
2,5,80
3,4,80
4,3,80
5,4,80
6,3,80
7,6,80
8,3,80
9,3,80
10,2,80
11,2,80
12,2,80
13,3,80
14,4,80
15,3,80
16,3,80
17,3,80
18,4,80
19,5,80
20,4,80
21,4,80
22,6,80
23,4,80
24,2,80
25,2,80
26,3,80
27,5,80
28,3,80
29,7,80
30,4,80
31,3,80
32,2,80
33,2,80
34,4,80
35,3,80
36,3,80
37,5,80
38,4,80
39,3,80
40,3,80
41,2,80
42,5,80
43,5,80
44,7,80
45,3,80
46,2,80
47,2,80
48,3,80
49,2,80
50,4,80
51,5,80
52,2,80
53,3,80
54,19,80
55,5,80
56,3,80
57,6,80
58,3,80
59,41,80
60,3,80
61,3,80
62,3,80
63,4,80
64,5,80
65,3,80
66,2,80
67,3,80
68,3,80
69,3,80
70,3,80
71,3,80
72,4,80
73,3,80
74,54,80
75,4,80
76,3,80
77,3,80
78,5,80
79,3,80
80,4,80
81,2,80
82,5,80
83,3,80
84,5,80
85,6,80
86,4,80
87,3,80
88,3,80
89,2,80
90,3,80
91,3,80
92,4,80
93,4,80
94,3,80
95,3,80
96,3,80
97,4,80
98,5,80
99,4,80
0,3,86
1,4,86
2,50,86
3,3,86
4,4,86
5,7,86
6,5,86
7,2,86
8,5,86
9,4,86
10,4,86
11,3,86
12,7,86
13,4,86
14,3,86
15,2,86
16,5,86
17,3,86
18,4,86
19,4,86
20,3,86
21,3,86
22,5,86
23,11,86
24,4,86
25,3,86
26,3,86
27,4,86
28,4,86
29,4,86
30,5,86
31,4,86
32,4,86
33,3,86
34,6,86
35,4,86
36,4,86
37,5,86
38,3,86
39,5,86
40,30,86
41,5,86
42,3,86
43,5,86
44,7,86
45,5,86
46,3,86
47,4,86
48,3,86
49,3,86
50,2,86
51,2,86
52,2,86
53,53,86
54,6,86
55,4,86
56,5,86
57,4,86
58,4,86
59,3,86
60,3,86
61,35,86
62,3,86
63,7,86
64,3,86
65,3,86
66,4,86
67,4,86
68,3,86
69,5,86
70,4,86
71,3,86
72,2,86
73,3,86
74,2,86
75,4,86
76,3,86
77,3,86
78,4,86
79,3,86
80,2,86
81,3,86
82,4,86
83,12,86
84,2,86
85,6,86
86,3,86
87,47,86
88,4,86
89,3,86
90,8,86
91,4,86
92,3,86
93,3,86
94,2,86
95,5,86
96,3,86
97,3,86
98,5,86
99,3,86
0,3,81
1,4,81
2,4,81
3,47,81
4,8,81
5,3,81
6,4,81
7,4,81
8,6,81
9,10,81
10,3,81
11,3,81
12,5,81
13,4,81
14,3,81
15,3,81
16,4,81
17,3,81
18,4,81
19,5,81
20,3,81
21,4,81
22,4,81
23,4,81
24,5,81
25,4,81
26,3,81
27,4,81
28,2,81
29,3,81
30,5,81
31,4,81
32,5,81
33,5,81
34,44,81
35,4,81
36,5,81
37,4,81
38,3,81
39,4,81
40,3,81
41,30,81
42,2,81
43,2,81
44,3,81
45,2,81
46,2,81
47,4,81
48,4,81
49,3,81
50,33,81
51,4,81
52,2,81
53,20,81
54,4,81
55,7,81
56,4,81
57,3,81
58,4,81
59,4,81
60,3,81
61,4,81
62,5,81
63,6,81
64,5,81
65,3,81
66,2,81
67,4,81
68,4,81
69,3,81
70,5,81
71,3,81
72,3,81
73,2,81
74,3,81
75,3,81
76,4,81
77,6,81
78,4,81
79,3,81
80,4,81
81,3,81
82,2,81
83,2,81
84,4,81
85,4,81
86,2,81
87,29,81
88,5,81
89,3,81
90,7,81
91,5,81
92,3,81
93,3,81
94,3,81
95,3,81
96,3,81
97,2,81
98,4,81
99,5,81
0,5,82
1,3,82
2,2,82
3,4,82
4,5,82
5,3,82
6,5,82
7,4,82
8,4,82
9,4,82
10,2,82
11,4,82
12,2,82
13,11,82
14,9,82
15,9,82
16,6,82
17,5,82
18,3,82
19,2,82
20,3,82
21,3,82
22,6,82
23,4,82
24,4,82
25,3,82
26,3,82
27,3,82
28,3,82
29,3,82
30,4,82
31,3,82
32,3,82
33,2,82
34,4,82
35,3,82
36,3,82
37,3,82
38,4,82
39,6,82
40,4,82
41,4,82
42,3,82
43,5,82
44,6,82
45,4,82
46,2,82
47,22,82
48,4,82
49,3,82
50,4,82
51,5,82
52,6,82
53,5,82
54,4,82
55,3,82
56,2,82
57,4,82
58,7,82
59,3,82
60,3,82
61,3,82
62,2,82
63,4,82
64,4,82
65,3,82
66,3,82
67,3,82
68,3,82
69,3,82
70,3,82
71,2,82
72,3,82
73,7,82
74,3,82
75,3,82
76,3,82
77,3,82
78,4,82
79,5,82
80,3,82
81,3,82
82,3,82
83,5,82
84,8,82
85,4,82
86,2,82
87,3,82
88,3,82
89,15,82
90,6,82
91,3,82
92,5,82
93,4,82
94,3,82
95,3,82
96,4,82
97,4,82
98,3,82
99,4,82
0,2,87
1,3,87
2,3,87
3,4,87
4,4,87
5,4,87
6,30,87
7,4,87
8,4,87
9,3,87
10,3,87
11,40,87
12,2,87
13,3,87
14,3,87
15,7,87
16,3,87
17,3,87
18,13,87
19,2,87
20,3,87
21,3,87
22,4,87
23,3,87
24,4,87
25,8,87
26,4,87
27,3,87
28,6,87
29,5,87
30,4,87
31,5,87
32,3,87
33,4,87
34,13,87
35,4,87
36,3,87
37,3,87
38,4,87
39,3,87
40,4,87
41,3,87
42,3,87
43,4,87
44,3,87
45,4,87
46,3,87
47,4,87
48,4,87
49,7,87
50,3,87
51,4,87
52,3,87
53,9,87
54,15,87
55,9,87
56,3,87
57,2,87
58,7,87
59,4,87
60,4,87
61,4,87
62,39,87
63,4,87
64,5,87
65,3,87
66,3,87
67,3,87
68,4,87
69,2,87
70,5,87
71,3,87
72,5,87
73,3,87
74,2,87
75,7,87
76,3,87
77,3,87
78,3,87
79,3,87
80,7,87
81,3,87
82,3,87
83,2,87
84,5,87
85,4,87
86,4,87
87,34,87
88,4,87
89,3,87
90,4,87
91,3,87
92,2,87
93,2,87
94,4,87
95,2,87
96,3,87
97,5,87
98,2,87
99,3,87
0,3,83
1,4,83
2,4,83
3,3,83
4,2,83
5,4,83
6,3,83
7,3,83
8,5,83
9,6,83
10,4,83
11,4,83
12,4,83
13,3,83
14,4,83
15,3,83
16,3,83
17,4,83
18,3,83
19,3,83
20,4,83
21,4,83
22,3,83
23,4,83
24,2,83
25,2,83
26,3,83
27,4,83
28,4,83
29,4,83
30,3,83
31,3,83
32,5,83
33,2,83
34,3,83
35,4,83
36,5,83
37,3,83
38,3,83
39,3,83
40,15,83
41,3,83
42,5,83
43,2,83
44,3,83
45,4,83
46,4,83
47,3,83
48,3,83
49,5,83
50,3,83
51,4,83
52,5,83
53,29,83
54,2,83
55,3,83
56,5,83
57,4,83
58,5,83
59,4,83
60,4,83
61,7,83
62,2,83
63,4,83
64,3,83
65,3,83
66,4,83
67,4,83
68,5,83
69,3,83
70,3,83
71,3,83
72,6,83
73,4,83
74,3,83
75,4,83
76,3,83
77,3,83
78,4,83
79,6,83
80,5,83
81,3,83
82,5,83
83,2,83
84,2,83
85,3,83
86,3,83
87,2,83
88,3,83
89,3,83
90,3,83
91,4,83
92,4,83
93,3,83
94,2,83
95,3,83
96,3,83
97,3,83
98,6,83
99,3,83
0,4,88
1,3,88
2,3,88
3,3,88
4,3,88
5,2,88
6,2,88
7,4,88
8,3,88
9,4,88
10,5,88
11,3,88
12,5,88
13,30,88
14,3,88
15,6,88
16,3,88
17,3,88
18,5,88
19,3,88
20,4,88
21,4,88
22,3,88
23,3,88
24,4,88
25,37,88
26,4,88
27,3,88
28,4,88
29,3,88
30,3,88
31,5,88
32,2,88
33,3,88
34,3,88
35,2,88
36,3,88
37,6,88
38,4,88
39,3,88
40,3,88
41,4,88
42,3,88
43,4,88
44,4,88
45,3,88
46,3,88
47,3,88
48,5,88
49,3,88
50,3,88
51,3,88
52,5,88
53,6,88
54,4,88
55,5,88
56,4,88
57,3,88
58,2,88
59,4,88
60,3,88
61,2,88
62,3,88
63,5,88
64,3,88
65,6,88
66,4,88
67,4,88
68,4,88
69,4,88
70,2,88
71,5,88
72,7,88
73,3,88
74,2,88
75,3,88
76,3,88
77,5,88
78,9,88
79,4,88
80,4,88
81,4,88
82,3,88
83,4,88
84,6,88
85,3,88
86,3,88
87,3,88
88,4,88
89,3,88
90,4,88
91,3,88
92,3,88
93,3,88
94,5,88
95,3,88
96,3,88
97,3,88
98,3,88
99,2,88
0,3,89
1,3,89
2,5,89
3,4,89
4,8,89
5,14,89
6,4,89
7,5,89
8,3,89
9,4,89
10,3,89
11,4,89
12,4,89
13,3,89
14,5,89
15,4,89
16,4,89
17,3,89
18,4,89
19,5,89
20,5,89
21,5,89
22,5,89
23,3,89
24,4,89
25,5,89
26,3,89
27,3,89
28,2,89
29,3,89
30,26,89
31,3,89
32,3,89
33,6,89
34,2,89
35,5,89
36,3,89
37,4,89
38,3,89
39,4,89
40,3,89
41,4,89
42,5,89
43,6,89
44,3,89
45,6,89
46,23,89
47,8,89
48,3,89
49,2,89
50,3,89
51,4,89
52,4,89
53,3,89
54,6,89
55,4,89
56,3,89
57,5,89
58,2,89
59,5,89
60,5,89
61,7,89
62,38,89
63,5,89
64,4,89
65,3,89
66,7,89
67,3,89
68,4,89
69,5,89
70,2,89
71,5,89
72,12,89
73,3,89
74,5,89
75,7,89
76,5,89
77,4,89
78,3,89
79,3,89
80,9,89
81,5,89
82,6,89
83,16,89
84,3,89
85,3,89
86,3,89
87,2,89
88,3,89
89,4,89
90,3,89
91,6,89
92,3,89
93,4,89
94,3,89
95,3,89
96,3,89
97,2,89
98,26,89
99,4,89
